회차,추첨일,첫번째,두번째,세번째,네번째,다섯번째,여섯번째,보너스,1등 당첨금액,표준편차,당첨번호 합계,당첨번호
1,2002-12-07,10,23,29,33,37,40,16,0원,9.98,172,10-23-29-33-37-40
2,2002-12-14,9,13,21,25,32,42,2,"2,002,006,800원",11.13,142,9-13-21-25-32-42
3,2002-12-21,11,16,19,21,27,31,30,"2,000,000,000원",6.64,125,11-16-19-21-27-31
4,2002-12-28,14,27,30,31,40,42,2,0원,9.2,184,14-27-30-31-40-42
5,2003-01-04,16,24,29,40,41,42,3,0원,9.78,192,16-24-29-40-41-42
6,2003-01-11,14,15,26,27,40,42,34,"6,574,451,700원",10.86,164,14-15-26-27-40-42
7,2003-01-18,2,9,16,25,26,40,42,0원,12.39,118,2-9-16-25-26-40
8,2003-01-25,8,19,25,34,37,39,9,0원,10.97,162,8-19-25-34-37-39
9,2003-02-01,2,4,16,17,36,39,14,0원,14.24,114,2-4-16-17-36-39
10,2003-02-08,9,25,30,33,41,44,6,"6,430,437,900원",11.48,182,9-25-30-33-41-44
11,2003-02-15,1,7,36,37,41,42,14,"4,780,152,300원",16.72,164,1-7-36-37-41-42
12,2003-02-22,2,11,21,25,39,45,44,"1,348,845,700원",14.88,143,2-11-21-25-39-45
13,2003-03-01,22,23,25,37,38,42,26,0원,8.03,187,22-23-25-37-38-42
14,2003-03-08,2,6,12,31,33,40,15,"9,375,048,300원",14.56,124,2-6-12-31-33-40
15,2003-03-15,3,4,16,30,31,37,13,"17,014,245,000원",13.36,121,3-4-16-30-31-37
16,2003-03-22,6,7,24,37,38,40,33,"4,377,146,100원",14.28,152,6-7-24-37-38-40
17,2003-03-29,3,4,9,17,32,37,1,"5,349,491,200원",13.25,102,3-4-9-17-32-37
18,2003-04-05,3,12,13,19,32,35,29,0원,11.3,114,3-12-13-19-32-35
19,2003-04-12,6,30,38,39,40,43,26,"40,722,959,400원",12.57,196,6-30-38-39-40-43
20,2003-04-19,10,14,18,20,23,30,41,"19,352,212,800원",6.39,115,10-14-18-20-23-30
21,2003-04-26,6,12,17,18,31,32,21,"797,475,400원",9.45,116,6-12-17-18-31-32
22,2003-05-03,4,5,6,8,17,39,25,"4,552,194,900원",12.32,79,4-5-6-8-17-39
23,2003-05-10,5,13,17,18,33,42,44,"4,317,947,700원",12.45,128,5-13-17-18-33-42
24,2003-05-17,7,8,27,29,36,43,6,0원,13.4,150,7-8-27-29-36-43
25,2003-05-24,2,4,21,26,43,44,16,"24,227,745,300원",16.61,140,2-4-21-26-43-44
26,2003-05-31,4,5,7,18,20,25,31,"3,495,069,900원",8.15,79,4-5-7-18-20-25
27,2003-06-07,1,20,26,28,37,43,27,"9,543,982,500원",13.38,155,1-20-26-28-37-43
28,2003-06-14,9,18,23,25,35,37,1,"1,700,361,100원",9.59,147,9-18-23-25-35-37
29,2003-06-21,1,5,13,34,39,40,11,"3,552,594,000원",16.17,132,1-5-13-34-39-40
30,2003-06-28,8,17,20,35,36,44,4,"8,728,555,500원",12.54,160,8-17-20-35-36-44
31,2003-07-05,7,9,18,23,28,35,32,"8,106,672,900원",9.93,120,7-9-18-23-28-35
32,2003-07-12,6,14,19,25,34,44,11,"1,634,528,300원",12.58,142,6-14-19-25-34-44
33,2003-07-19,4,7,32,33,40,41,9,"14,903,517,600원",15,157,4-7-32-33-40-41
34,2003-07-26,9,26,35,37,40,42,2,"3,056,918,000원",11.27,189,9-26-35-37-40-42
35,2003-08-02,2,3,11,26,37,43,39,"5,054,598,200원",16.06,122,2-3-11-26-37-43
36,2003-08-09,1,10,23,26,28,40,31,"16,014,475,800원",12.64,128,1-10-23-26-28-40
37,2003-08-16,7,27,30,33,35,37,42,"4,985,999,400원",10.01,169,7-27-30-33-35-37
38,2003-08-23,16,17,22,30,37,43,36,"5,374,866,400원",10.08,165,16-17-22-30-37-43
39,2003-08-30,6,7,13,15,21,43,8,"2,623,748,800원",12.46,105,6-7-13-15-21-43
40,2003-09-06,7,13,18,19,25,26,6,"1,147,652,400원",6.58,108,7-13-18-19-25-26
41,2003-09-13,13,20,23,35,38,43,34,0원,10.69,172,13-20-23-35-38-43
42,2003-09-20,17,18,19,21,23,32,1,"6,899,280,100원",5.02,130,17-18-19-21-23-32
43,2003-09-27,6,31,35,38,39,44,1,"17,749,630,800원",12.35,193,6-31-35-38-39-44
44,2003-10-04,3,11,21,30,38,45,39,"3,362,155,800원",14.66,148,3-11-21-30-38-45
45,2003-10-11,1,10,20,27,33,35,17,"8,356,417,800원",12.23,126,1-10-20-27-33-35
46,2003-10-18,8,13,15,23,31,38,39,"5,327,758,800원",10.5,128,8-13-15-23-31-38
47,2003-10-25,14,17,26,31,36,45,27,"3,250,042,400원",10.67,169,14-17-26-31-36-45
48,2003-11-01,6,10,18,26,37,38,3,"2,415,673,600원",12.33,135,6-10-18-26-37-38
49,2003-11-08,4,7,16,19,33,40,30,"1,967,504,600원",12.98,119,4-7-16-19-33-40
50,2003-11-15,2,10,12,15,22,44,1,"5,227,061,400원",13.26,105,2-10-12-15-22-44
51,2003-11-22,2,3,11,16,26,44,35,"2,421,117,000원",14.54,102,2-3-11-16-26-44
52,2003-11-29,2,4,15,16,20,29,1,"3,900,844,900원",9.21,86,2-4-15-16-20-29
53,2003-12-06,7,8,14,32,33,39,42,"5,014,371,000원",12.88,133,7-8-14-32-33-39
54,2003-12-13,1,8,21,27,36,39,37,"5,148,626,600원",13.83,132,1-8-21-27-36-39
55,2003-12-20,17,21,31,37,40,44,7,"7,088,799,600원",9.83,190,17-21-31-37-40-44
56,2003-12-27,10,14,30,31,33,37,19,"3,777,570,900원",10.09,155,10-14-30-31-33-37
57,2004-01-03,7,10,16,25,29,44,6,"4,114,411,900원",12.56,131,7-10-16-25-29-44
58,2004-01-10,10,24,25,33,40,44,1,"3,676,429,200원",11.28,176,10-24-25-33-40-44
59,2004-01-17,6,29,36,39,41,45,13,"4,127,587,300원",12.89,196,6-29-36-39-41-45
60,2004-01-24,2,8,25,36,39,42,11,"2,172,504,600원",15.4,152,2-8-25-36-39-42
61,2004-01-31,14,15,19,30,38,43,8,"3,541,038,800원",11.27,159,14-15-19-30-38-43
62,2004-02-07,3,8,15,27,29,35,21,"15,817,286,400원",11.63,117,3-8-15-27-29-35
63,2004-02-14,3,20,23,36,38,40,5,"7,922,245,500원",12.98,160,3-20-23-36-38-40
64,2004-02-21,14,15,18,21,26,36,39,"3,899,818,000원",7.54,130,14-15-18-21-26-36
65,2004-02-28,4,25,33,36,40,43,39,"3,727,945,800원",13.01,181,4-25-33-36-40-43
66,2004-03-06,2,3,7,17,22,24,45,"3,685,138,200원",8.88,75,2-3-7-17-22-24
67,2004-03-13,3,7,10,15,36,38,33,"2,114,436,500원",13.8,109,3-7-10-15-36-38
68,2004-03-20,10,12,15,16,26,39,38,"2,945,882,100원",10.01,118,10-12-15-16-26-39
69,2004-03-27,5,8,14,15,19,39,35,"4,962,712,200원",10.99,100,5-8-14-15-19-39
70,2004-04-03,5,19,22,25,28,43,26,"5,031,277,800원",11.31,142,5-19-22-25-28-43
71,2004-04-10,5,9,12,16,29,41,21,0원,12.5,112,5-9-12-16-29-41
72,2004-04-17,2,4,11,17,26,27,1,"3,260,524,600원",9.78,87,2-4-11-17-26-27
73,2004-04-24,3,12,18,32,40,43,38,"2,766,662,100원",14.72,148,3-12-18-32-40-43
74,2004-05-01,6,15,17,18,35,40,23,"5,284,949,800원",11.82,131,6-15-17-18-35-40
75,2004-05-08,2,5,24,32,34,44,28,"3,914,616,900원",15.32,141,2-5-24-32-34-44
76,2004-05-15,1,3,15,22,25,37,43,"7,451,022,600원",12.55,103,1-3-15-22-25-37
77,2004-05-22,2,18,29,32,43,44,37,"5,155,758,600원",14.57,168,2-18-29-32-43-44
78,2004-05-29,10,13,25,29,33,35,38,"3,519,850,000원",9.53,145,10-13-25-29-33-35
79,2004-06-05,3,12,24,27,30,32,14,"3,416,443,800원",10.42,128,3-12-24-27-30-32
80,2004-06-12,17,18,24,25,26,30,1,"13,809,540,000원",4.53,140,17-18-24-25-26-30
81,2004-06-19,5,7,11,13,20,33,6,"2,714,288,880원",9.42,89,5-7-11-13-20-33
82,2004-06-26,1,2,3,14,27,42,39,"14,562,494,400원",15.18,89,1-2-3-14-27-42
83,2004-07-03,6,10,15,17,19,34,14,"7,086,948,300원",8.82,101,6-10-15-17-19-34
84,2004-07-10,16,23,27,34,42,45,11,"7,669,779,000원",10.25,187,16-23-27-34-42-45
85,2004-07-17,6,8,13,23,31,36,21,"3,462,109,800원",11.35,117,6-8-13-23-31-36
86,2004-07-24,2,12,37,39,41,45,33,"14,252,186,400원",16.23,176,2-12-37-39-41-45
87,2004-07-31,4,12,16,23,34,43,26,"1,799,358,055원",13.2,132,4-12-16-23-34-43
88,2004-08-07,1,17,20,24,30,41,27,"3,069,709,650원",12.24,133,1-17-20-24-30-41
89,2004-08-14,4,26,28,29,33,40,37,"4,248,321,900원",11.1,160,4-26-28-29-33-40
90,2004-08-21,17,20,29,35,38,44,10,"3,291,435,300원",9.6,183,17-20-29-35-38-44
91,2004-08-28,1,21,24,26,29,42,27,"3,582,902,400원",12.18,143,1-21-24-26-29-42
92,2004-09-04,3,14,24,33,35,36,17,"1,233,270,846원",12.16,145,3-14-24-33-35-36
93,2004-09-11,6,22,24,36,38,44,19,"2,269,178,150원",12.62,170,6-22-24-36-38-44
94,2004-09-18,5,32,34,40,41,45,6,"2,245,339,950원",13.18,197,5-32-34-40-41-45
95,2004-09-25,8,17,27,31,34,43,14,"1,747,741,238원",11.41,160,8-17-27-31-34-43
96,2004-10-02,1,3,8,21,22,31,20,"1,847,133,515원",11.01,86,1-3-8-21-22-31
97,2004-10-09,6,7,14,15,20,36,3,"1,496,214,000원",10.01,98,6-7-14-15-20-36
98,2004-10-16,6,9,16,23,24,32,43,"3,177,972,300원",8.99,110,6-9-16-23-24-32
99,2004-10-23,1,3,10,27,29,37,11,"2,169,219,050원",13.79,107,1-3-10-27-29-37
100,2004-10-30,1,7,11,23,37,42,6,"3,315,315,525원",15.24,121,1-7-11-23-37-42
101,2004-11-06,1,3,17,32,35,45,8,"2,707,297,500원",16.46,133,1-3-17-32-35-45
102,2004-11-13,17,22,24,26,35,40,42,"1,457,153,067원",7.82,164,17-22-24-26-35-40
103,2004-11-20,5,14,15,27,30,45,10,"1,691,589,563원",13.02,136,5-14-15-27-30-45
104,2004-11-27,17,32,33,34,42,44,35,"6,610,743,750원",8.73,202,17-32-33-34-42-44
105,2004-12-04,8,10,20,34,41,45,28,"3,416,781,450원",14.52,158,8-10-20-34-41-45
106,2004-12-11,4,10,12,22,24,33,29,"810,461,157원",9.76,105,4-10-12-22-24-33
107,2004-12-18,1,4,5,6,9,31,17,"6,679,927,800원",9.98,56,1-4-5-6-9-31
108,2004-12-25,7,18,22,23,29,44,12,"1,998,900,772원",11.22,143,7-18-22-23-29-44
109,2005-01-01,1,5,34,36,42,44,33,"1,246,838,200원",17.34,162,1-5-34-36-42-44
110,2005-01-08,7,20,22,23,29,43,1,"4,566,262,000원",10.77,144,7-20-22-23-29-43
111,2005-01-15,7,18,31,33,36,40,27,"2,199,047,450원",11.41,165,7-18-31-33-36-40
112,2005-01-22,26,29,30,33,41,42,43,"1,567,271,167원",6.02,201,26-29-30-33-41-42
113,2005-01-29,4,9,28,33,36,45,26,"1,561,528,934원",14.64,155,4-9-28-33-36-45
114,2005-02-05,11,14,19,26,28,41,2,"2,362,345,050원",9.99,139,11-14-19-26-28-41
115,2005-02-12,1,2,6,9,25,28,31,"1,488,589,567원",10.73,71,1-2-6-9-25-28
116,2005-02-19,2,4,25,31,34,37,17,"1,997,747,315원",14.04,133,2-4-25-31-34-37
117,2005-02-26,5,10,22,34,36,44,35,"1,558,378,334원",14.12,151,5-10-22-34-36-44
118,2005-03-05,3,4,10,17,19,22,38,"1,297,989,720원",7.32,75,3-4-10-17-19-22
119,2005-03-12,3,11,13,14,17,21,38,"1,474,899,400원",5.55,79,3-11-13-14-17-21
120,2005-03-19,4,6,10,11,32,37,30,"4,364,530,300원",12.91,100,4-6-10-11-32-37
121,2005-03-26,12,28,30,34,38,43,9,"6,839,648,100원",9.77,185,12-28-30-34-38-43
122,2005-04-02,1,11,16,17,36,40,8,"1,450,073,800원",13.68,121,1-11-16-17-36-40
123,2005-04-09,7,17,18,28,30,45,27,"2,532,982,680원",12.02,145,7-17-18-28-30-45
124,2005-04-16,4,16,23,25,29,42,1,"1,395,936,267원",11.62,139,4-16-23-25-29-42
125,2005-04-23,2,8,32,33,35,36,18,"1,754,870,786원",13.84,146,2-8-32-33-35-36
126,2005-04-30,7,20,22,27,40,43,1,"1,369,301,500원",12.23,159,7-20-22-27-40-43
127,2005-05-07,3,5,10,29,32,43,35,"1,965,939,150원",15.1,122,3-5-10-29-32-43
128,2005-05-14,12,30,34,36,37,45,39,"2,064,043,100원",10.14,194,12-30-34-36-37-45
129,2005-05-21,19,23,25,28,38,42,17,"1,093,629,655원",8.19,175,19-23-25-28-38-42
130,2005-05-28,7,19,24,27,42,45,31,"3,036,496,650원",13.05,164,7-19-24-27-42-45
131,2005-06-04,8,10,11,14,15,21,37,"1,451,214,488원",4.22,79,8-10-11-14-15-21
132,2005-06-11,3,17,23,34,41,45,43,"2,920,473,525원",14.5,163,3-17-23-34-41-45
133,2005-06-18,4,7,15,18,23,26,13,"1,450,242,600원",7.93,93,4-7-15-18-23-26
134,2005-06-25,3,12,20,23,31,35,43,"2,349,155,100원",10.84,124,3-12-20-23-31-35
135,2005-07-02,6,14,22,28,35,39,16,"1,717,293,515원",11.47,144,6-14-22-28-35-39
136,2005-07-09,2,16,30,36,41,42,11,"1,997,694,150원",14.45,167,2-16-30-36-41-42
137,2005-07-16,7,9,20,25,36,39,15,"1,270,403,467원",12.17,136,7-9-20-25-36-39
138,2005-07-23,10,11,27,28,37,39,19,"2,227,152,000원",11.35,152,10-11-27-28-37-39
139,2005-07-30,9,11,15,20,28,43,13,"1,650,210,215원",11.65,126,9-11-15-20-28-43
140,2005-08-06,3,13,17,18,19,28,8,"2,109,462,840원",7.48,98,3-13-17-18-19-28
141,2005-08-13,8,12,29,31,42,43,2,"1,900,552,400원",13.45,165,8-12-29-31-42-43
142,2005-08-20,12,16,30,34,40,44,19,"1,018,265,564원",11.76,176,12-16-30-34-40-44
143,2005-08-27,26,27,28,42,43,45,8,"3,954,584,700원",8.23,211,26-27-28-42-43-45
144,2005-09-03,4,15,17,26,36,37,43,"1,402,440,413원",11.79,135,4-15-17-26-36-37
145,2005-09-10,2,3,13,20,27,44,9,"3,797,838,200원",14.53,109,2-3-13-20-27-44
146,2005-09-17,2,19,27,35,41,42,25,"6,043,415,250원",13.97,166,2-19-27-35-41-42
147,2005-09-24,4,6,13,21,40,42,36,"1,700,040,215원",15.17,126,4-6-13-21-40-42
148,2005-10-01,21,25,33,34,35,36,17,"2,323,596,420원",5.62,184,21-25-33-34-35-36
149,2005-10-08,2,11,21,34,41,42,27,"1,639,052,143원",15.09,151,2-11-21-34-41-42
150,2005-10-15,2,18,25,28,37,39,16,"2,831,645,850원",12.43,149,2-18-25-28-37-39
151,2005-10-22,1,2,10,13,18,19,15,"2,716,634,025원",7.04,63,1-2-10-13-18-19
152,2005-10-29,1,5,13,26,29,34,43,"2,278,131,840원",12.41,108,1-5-13-26-29-34
153,2005-11-05,3,8,11,12,13,36,33,"2,730,526,125원",10.45,83,3-8-11-12-13-36
154,2005-11-12,6,19,21,35,40,45,20,"2,836,628,700원",13.51,166,6-19-21-35-40-45
155,2005-11-19,16,19,20,32,33,41,4,"1,193,005,734원",9.04,161,16-19-20-32-33-41
156,2005-11-26,5,18,28,30,42,45,2,"1,401,099,900원",13.65,168,5-18-28-30-42-45
157,2005-12-03,19,26,30,33,35,39,37,"5,484,903,750원",6.47,182,19-26-30-33-35-39
158,2005-12-10,4,9,13,18,21,34,7,"1,069,544,340원",9.6,99,4-9-13-18-21-34
159,2005-12-17,1,18,30,41,42,43,32,"1,755,407,300원",15.36,175,1-18-30-41-42-43
160,2005-12-24,3,7,8,34,39,41,1,"5,490,805,350원",16.21,132,3-7-8-34-39-41
161,2005-12-31,22,34,36,40,42,45,44,"1,996,876,272원",7.43,219,22-34-36-40-42-45
162,2006-01-07,1,5,21,25,38,41,24,"2,308,265,760원",15.04,131,1-5-21-25-38-41
163,2006-01-14,7,11,26,28,29,44,16,"1,629,726,515원",12.27,145,7-11-26-28-29-44
164,2006-01-21,6,9,10,11,39,41,27,"4,054,937,900원",14.7,116,6-9-10-11-39-41
165,2006-01-28,5,13,18,19,22,42,31,"6,767,426,700원",11.31,119,5-13-18-19-22-42
166,2006-02-04,9,12,27,36,39,45,14,"1,111,299,982원",13.49,168,9-12-27-36-39-45
167,2006-02-11,24,27,28,30,36,39,4,"2,491,222,920원",5.22,184,24-27-28-30-36-39
168,2006-02-18,3,10,31,40,42,43,30,"2,349,946,920원",15.93,169,3-10-31-40-42-43
169,2006-02-25,16,27,35,37,43,45,19,"2,482,888,380원",9.87,203,16-27-35-37-43-45
170,2006-03-04,2,11,13,15,31,42,10,"1,923,108,250원",13.4,114,2-11-13-15-31-42
171,2006-03-11,4,16,25,29,34,35,1,"1,961,339,700원",10.88,143,4-16-25-29-34-35
172,2006-03-18,4,19,21,24,26,41,35,"1,081,154,073원",10.9,135,4-19-21-24-26-41
173,2006-03-25,3,9,24,30,33,34,18,"1,487,736,788원",11.99,133,3-9-24-30-33-34
174,2006-04-01,13,14,18,22,35,39,16,"1,771,103,058원",10.05,141,13-14-18-22-35-39
175,2006-04-08,19,26,28,31,33,36,17,"2,371,132,620원",5.46,173,19-26-28-31-33-36
176,2006-04-15,4,17,30,32,33,34,15,"2,314,663,080원",10.98,150,4-17-30-32-33-34
177,2006-04-22,1,10,13,16,37,43,6,"1,693,285,500원",14.97,120,1-10-13-16-37-43
178,2006-04-29,1,5,11,12,18,23,9,"2,254,621,080원",7.39,70,1-5-11-12-18-23
179,2006-05-06,5,9,17,25,39,43,32,"1,081,093,920원",14.24,138,5-9-17-25-39-43
180,2006-05-13,2,15,20,21,29,34,22,"5,763,371,550원",10.22,121,2-15-20-21-29-34
181,2006-05-20,14,21,23,32,40,45,44,"1,941,763,300원",10.88,175,14-21-23-32-40-45
182,2006-05-27,13,15,27,29,34,40,35,"3,721,439,400원",9.66,158,13-15-27-29-34-40
183,2006-06-03,2,18,24,34,40,42,5,"1,777,221,500원",13.89,160,2-18-24-34-40-42
184,2006-06-10,1,2,6,16,20,33,41,"1,747,753,050원",11.34,78,1-2-6-16-20-33
185,2006-06-17,1,2,4,8,19,38,14,"3,522,485,800원",13.08,72,1-2-4-8-19-38
186,2006-06-24,4,10,14,19,21,45,9,"1,187,882,600원",12.98,113,4-10-14-19-21-45
187,2006-07-01,1,2,8,18,29,38,42,"1,544,733,900원",13.8,96,1-2-8-18-29-38
188,2006-07-08,19,24,27,30,31,34,36,"3,501,405,200원",4.92,165,19-24-27-30-31-34
189,2006-07-15,8,14,32,35,37,45,28,"3,461,775,100원",13.1,171,8-14-32-35-37-45
190,2006-07-22,8,14,18,30,31,44,15,"1,784,159,450원",12.09,145,8-14-18-30-31-44
191,2006-07-29,5,6,24,25,32,37,8,"2,577,114,675원",12.12,129,5-6-24-25-32-37
192,2006-08-05,4,8,11,18,37,45,33,"2,445,348,375원",15.26,123,4-8-11-18-37-45
193,2006-08-12,6,14,18,26,36,39,13,"3,404,449,700원",11.75,139,6-14-18-26-36-39
194,2006-08-19,15,20,23,26,39,44,28,"2,650,567,875원",10.32,167,15-20-23-26-39-44
195,2006-08-26,7,10,19,22,35,40,31,"918,992,591원",12.05,133,7-10-19-22-35-40
196,2006-09-02,35,36,37,41,44,45,30,"727,876,520원",3.9,238,35-36-37-41-44-45
197,2006-09-09,7,12,16,34,42,45,4,"1,803,018,300원",14.93,156,7-12-16-34-42-45
198,2006-09-16,12,19,20,25,41,45,2,"1,797,855,050원",11.99,162,12-19-20-25-41-45
199,2006-09-23,14,21,22,25,30,36,43,"5,344,252,200원",6.97,148,14-21-22-25-30-36
200,2006-09-30,5,6,13,14,17,20,7,"1,344,616,613원",5.44,75,5-6-13-14-17-20
201,2006-10-07,3,11,24,38,39,44,26,"9,719,465,400원",15.24,159,3-11-24-38-39-44
202,2006-10-14,12,14,27,33,39,44,17,"1,893,391,700원",11.94,169,12-14-27-33-39-44
203,2006-10-21,1,3,11,24,30,32,7,"2,164,564,740원",12.46,101,1-3-11-24-30-32
204,2006-10-28,3,12,14,35,40,45,5,"1,358,347,125원",15.81,149,3-12-14-35-40-45
205,2006-11-04,1,3,21,29,35,37,30,"1,835,221,800원",14.38,126,1-3-21-29-35-37
206,2006-11-11,1,2,3,15,20,25,43,"2,032,859,340원",9.47,66,1-2-3-15-20-25
207,2006-11-18,3,11,14,31,32,37,38,"2,104,673,760원",12.58,128,3-11-14-31-32-37
208,2006-11-25,14,25,31,34,40,44,24,"1,760,767,400원",9.86,188,14-25-31-34-40-44
209,2006-12-02,2,7,18,20,24,33,37,"1,660,896,350원",10.32,104,2-7-18-20-24-33
210,2006-12-09,10,19,22,23,25,37,39,"5,139,085,950원",8.01,136,10-19-22-23-25-37
211,2006-12-16,12,13,17,20,33,41,8,"1,035,800,250원",10.72,136,12-13-17-20-33-41
212,2006-12-23,11,12,18,21,31,38,8,"2,660,747,250원",9.79,131,11-12-18-21-31-38
213,2006-12-30,2,3,4,5,20,24,42,"1,376,678,025원",8.84,58,2-3-4-5-20-24
214,2007-01-06,5,7,20,25,28,37,32,"1,406,980,875원",11.34,122,5-7-20-25-28-37
215,2007-01-13,2,3,7,15,43,44,4,"1,587,689,615원",17.82,114,2-3-7-15-43-44
216,2007-01-20,7,16,17,33,36,40,1,"848,506,108원",12.1,149,7-16-17-33-36-40
217,2007-01-27,16,20,27,33,35,39,38,"1,611,246,172원",8.2,170,16-20-27-33-35-39
218,2007-02-03,1,8,14,18,29,44,20,"2,779,075,800원",14.12,114,1-8-14-18-29-44
219,2007-02-10,4,11,20,26,35,37,16,"1,208,409,167원",11.96,133,4-11-20-26-35-37
220,2007-02-17,5,11,19,21,34,43,31,"1,958,094,950원",12.94,133,5-11-19-21-34-43
221,2007-02-24,2,20,33,35,37,40,10,"1,800,104,250원",13.16,167,2-20-33-35-37-40
222,2007-03-03,5,7,28,29,39,43,44,"2,275,193,820원",14.54,151,5-7-28-29-39-43
223,2007-03-10,1,3,18,20,26,27,38,"1,498,170,600원",10.29,95,1-3-18-20-26-27
224,2007-03-17,4,19,26,27,30,42,7,"1,808,969,950원",11.51,148,4-19-26-27-30-42
225,2007-03-24,5,11,13,19,31,36,7,"1,777,201,800원",11.02,115,5-11-13-19-31-36
226,2007-03-31,2,6,8,14,21,22,34,"1,744,100,150원",7.49,73,2-6-8-14-21-22
227,2007-04-07,4,5,15,16,22,42,2,"5,253,542,400원",12.7,104,4-5-15-16-22-42
228,2007-04-14,17,25,35,36,39,44,23,"1,146,700,334원",9.03,196,17-25-35-36-39-44
229,2007-04-21,4,5,9,11,23,38,35,"1,451,441,100원",12.01,90,4-5-9-11-23-38
230,2007-04-28,5,11,14,29,32,33,12,"1,292,929,163원",11.06,124,5-11-14-29-32-33
231,2007-05-05,5,10,19,31,44,45,27,"1,088,365,900원",15.57,154,5-10-19-31-44-45
232,2007-05-12,8,9,10,12,24,44,35,"1,110,918,400원",12.86,107,8-9-10-12-24-44
233,2007-05-19,4,6,13,17,28,40,39,"999,153,750원",12.58,108,4-6-13-17-28-40
234,2007-05-26,13,21,22,24,26,37,4,"2,519,743,875원",7.15,143,13-21-22-24-26-37
235,2007-06-02,21,22,26,27,31,37,8,"3,433,330,100원",5.44,164,21-22-26-27-31-37
236,2007-06-09,1,4,8,13,37,39,7,"5,030,040,150원",15.31,102,1-4-8-13-37-39
237,2007-06-16,1,11,17,21,24,44,33,"1,440,630,729원",13.19,118,1-11-17-21-24-44
238,2007-06-23,2,4,15,28,31,34,35,"1,121,660,567원",12.78,114,2-4-15-28-31-34
239,2007-06-30,11,15,24,39,41,44,7,"1,134,140,167원",13,174,11-15-24-39-41-44
240,2007-07-07,6,10,16,40,41,43,21,"5,098,251,450원",15.63,156,6-10-16-40-41-43
241,2007-07-14,2,16,24,27,28,35,21,"2,552,016,300원",10.57,132,2-16-24-27-28-35
242,2007-07-21,4,19,20,21,32,34,43,"1,234,542,375원",9.84,130,4-19-20-21-32-34
243,2007-07-28,2,12,17,19,28,42,34,"2,408,850,000원",12.56,120,2-12-17-19-28-42
244,2007-08-04,13,16,25,36,37,38,19,"9,121,583,100원",10.18,165,13-16-25-36-37-38
245,2007-08-11,9,11,27,31,32,38,22,"1,382,583,129원",10.87,148,9-11-27-31-32-38
246,2007-08-18,13,18,21,23,26,39,15,"1,911,774,240원",8.1,140,13-18-21-23-26-39
247,2007-08-25,12,15,28,36,39,40,13,"1,669,313,900원",11.21,170,12-15-28-36-39-40
248,2007-09-01,3,8,17,23,38,45,13,"1,227,479,363원",15.1,134,3-8-17-23-38-45
249,2007-09-08,3,8,27,31,41,44,11,"1,663,568,700원",15.42,154,3-8-27-31-41-44
250,2007-09-15,19,23,30,37,43,45,38,"1,994,726,280원",9.7,197,19-23-30-37-43-45
251,2007-09-22,6,7,19,25,28,38,45,"1,282,616,400원",11.38,123,6-7-19-25-28-38
252,2007-09-29,14,23,26,31,39,45,28,"1,391,089,715원",10.23,178,14-23-26-31-39-45
253,2007-10-06,8,19,25,31,34,36,33,"2,466,189,525원",9.67,153,8-19-25-31-34-36
254,2007-10-13,1,5,19,20,24,30,27,"9,741,015,900원",10.24,99,1-5-19-20-24-30
255,2007-10-20,1,5,6,24,27,42,32,"1,598,618,550원",14.68,105,1-5-6-24-27-42
256,2007-10-27,4,11,14,21,23,43,32,"4,891,017,000원",12.31,116,4-11-14-21-23-43
257,2007-11-03,6,13,27,31,32,37,4,"2,391,377,025원",11.07,146,6-13-27-31-32-37
258,2007-11-10,14,27,30,31,38,40,17,"2,426,434,350원",8.47,180,14-27-30-31-38-40
259,2007-11-17,4,5,14,35,42,45,34,"4,838,533,500원",17.06,145,4-5-14-35-42-45
260,2007-11-24,7,12,15,24,37,40,43,"2,310,085,575원",12.42,135,7-12-15-24-37-40
261,2007-12-01,6,11,16,18,31,43,2,"3,192,299,100원",12.54,125,6-11-16-18-31-43
262,2007-12-08,9,12,24,25,29,31,36,"4,518,741,600원",8.28,130,9-12-24-25-29-31
263,2007-12-15,1,27,28,32,37,40,18,"1,551,704,900원",12.71,165,1-27-28-32-37-40
264,2007-12-22,9,16,27,36,41,44,5,"1,344,889,200원",12.85,173,9-16-27-36-41-44
265,2007-12-29,5,9,34,37,38,39,12,"1,200,838,575원",14.27,162,5-9-34-37-38-39
266,2008-01-05,3,4,9,11,22,42,37,"3,207,211,700원",13.51,91,3-4-9-11-22-42
267,2008-01-12,7,8,24,34,36,41,1,"3,257,663,300원",13.37,150,7-8-24-34-36-41
268,2008-01-19,3,10,19,24,32,45,12,"1,350,954,515원",13.83,133,3-10-19-24-32-45
269,2008-01-26,5,18,20,36,42,43,32,"1,961,399,940원",14,164,5-18-20-36-42-43
270,2008-02-02,5,9,12,20,21,26,27,"1,927,830,060원",7.37,93,5-9-12-20-21-26
271,2008-02-09,3,8,9,27,29,40,36,"1,565,918,150원",13.42,116,3-8-9-27-29-40
272,2008-02-16,7,9,12,27,39,43,28,"1,104,622,800원",14.4,137,7-9-12-27-39-43
273,2008-02-23,1,8,24,31,34,44,6,"3,339,543,100원",14.91,142,1-8-24-31-34-44
274,2008-03-01,13,14,15,26,35,39,25,"2,505,085,575원",10.42,142,13-14-15-26-35-39
275,2008-03-08,14,19,20,35,38,40,26,"10,044,066,900원",10.27,166,14-19-20-35-38-40
276,2008-03-15,4,15,21,33,39,41,25,"3,312,569,000원",13.36,153,4-15-21-33-39-41
277,2008-03-22,10,12,13,15,25,29,20,"3,272,627,800원",7.09,104,10-12-13-15-25-29
278,2008-03-29,3,11,37,39,41,43,13,"3,186,530,000원",15.83,174,3-11-37-39-41-43
279,2008-04-05,7,16,31,36,37,38,11,"1,914,205,320원",11.81,165,7-16-31-36-37-38
280,2008-04-12,10,11,23,24,36,37,35,"1,355,258,529원",10.63,141,10-11-23-24-36-37
281,2008-04-19,1,3,4,6,14,41,12,"1,554,683,200원",13.82,69,1-3-4-6-14-41
282,2008-04-26,2,5,10,18,31,32,30,"1,322,052,643원",11.81,98,2-5-10-18-31-32
283,2008-05-03,6,8,18,31,38,45,42,"3,137,224,600원",14.73,146,6-8-18-31-38-45
284,2008-05-10,2,7,15,24,30,45,28,"3,117,640,300원",14.48,123,2-7-15-24-30-45
285,2008-05-17,13,33,37,40,41,45,2,"3,164,370,100원",10.43,209,13-33-37-40-41-45
286,2008-05-24,1,15,19,40,42,44,17,"3,236,566,300원",16.16,161,1-15-19-40-42-44
287,2008-05-31,6,12,24,27,35,37,41,"1,328,657,100원",11.3,141,6-12-24-27-35-37
288,2008-06-07,1,12,17,28,35,41,10,"2,357,261,550원",13.73,134,1-12-17-28-35-41
289,2008-06-14,3,14,33,37,38,42,10,0원,14.28,167,3-14-33-37-38-42
290,2008-06-21,8,13,18,32,39,45,7,"2,149,214,424원",13.68,155,8-13-18-32-39-45
291,2008-06-28,3,7,8,18,20,42,45,"1,450,585,200원",12.97,98,3-7-8-18-20-42
292,2008-07-05,17,18,31,32,33,34,10,"720,373,950원",7.14,165,17-18-31-32-33-34
293,2008-07-12,1,9,17,21,29,33,24,"1,656,764,400원",10.99,110,1-9-17-21-29-33
294,2008-07-19,6,10,17,30,37,38,40,"2,406,504,975원",12.68,138,6-10-17-30-37-38
295,2008-07-26,1,4,12,16,18,38,8,0원,12.01,89,1-4-12-16-18-38
296,2008-08-02,3,8,15,27,30,45,44,"3,066,088,275원",14.27,128,3-8-15-27-30-45
297,2008-08-09,6,11,19,20,28,32,34,"5,056,668,750원",8.98,116,6-11-19-20-28-32
298,2008-08-16,5,9,27,29,37,40,19,"9,909,778,500원",13.19,147,5-9-27-29-37-40
299,2008-08-23,1,3,20,25,36,45,24,"1,483,772,529원",16.02,130,1-3-20-25-36-45
300,2008-08-30,7,9,10,12,26,38,39,"836,092,425원",11.25,102,7-9-10-12-26-38
301,2008-09-06,7,11,13,33,37,43,26,"1,447,385,015원",14.08,144,7-11-13-33-37-43
302,2008-09-13,13,19,20,32,38,42,4,"5,472,167,250원",10.64,164,13-19-20-32-38-42
303,2008-09-20,2,14,17,30,38,45,43,"1,672,749,000원",14.75,146,2-14-17-30-38-45
304,2008-09-27,4,10,16,26,33,41,38,"1,661,646,150원",12.92,130,4-10-16-26-33-41
305,2008-10-04,7,8,18,21,23,39,9,"2,008,210,140원",10.69,116,7-8-18-21-23-39
306,2008-10-11,4,18,23,30,34,41,19,"2,102,669,520원",11.94,150,4-18-23-30-34-41
307,2008-10-18,5,15,21,23,25,45,12,"2,587,643,250원",12.09,134,5-15-21-23-25-45
308,2008-10-25,14,15,17,19,37,45,40,"10,232,872,800원",12,147,14-15-17-19-37-45
309,2008-11-01,1,2,5,11,18,36,22,"901,622,946원",12.13,73,1-2-5-11-18-36
310,2008-11-08,1,5,19,28,34,41,16,"1,296,713,325원",14.59,128,1-5-19-28-34-41
311,2008-11-15,4,12,24,27,28,32,10,"1,237,691,063원",9.87,127,4-12-24-27-28-32
312,2008-11-22,2,3,5,6,12,20,25,"629,017,820원",6.24,48,2-3-5-6-12-20
313,2008-11-29,9,17,34,35,43,45,2,"1,715,422,800원",13.19,183,9-17-34-35-43-45
314,2008-12-06,15,17,19,34,38,41,2,"1,660,512,200원",10.59,164,15-17-19-34-38-41
315,2008-12-13,1,13,33,35,43,45,23,"1,308,728,625원",16.03,170,1-13-33-35-43-45
316,2008-12-20,10,11,21,27,31,39,43,"1,673,586,400원",10.43,139,10-11-21-27-31-39
317,2008-12-27,3,10,11,22,36,39,8,"2,576,258,550원",13.48,121,3-10-11-22-36-39
318,2009-01-03,2,17,19,20,34,45,21,"1,207,436,600원",13.58,137,2-17-19-20-34-45
319,2009-01-10,5,8,22,28,33,42,37,"2,135,659,380원",13.14,138,5-8-22-28-33-42
320,2009-01-17,16,19,23,25,41,45,3,"5,513,067,900원",10.93,169,16-19-23-25-41-45
321,2009-01-24,12,18,20,21,25,34,42,"1,959,136,100원",6.75,130,12-18-20-21-25-34
322,2009-01-31,9,18,29,32,38,43,20,"1,904,544,700원",11.57,169,9-18-29-32-38-43
323,2009-02-07,10,14,15,32,36,42,3,"1,461,025,388원",12.28,149,10-14-15-32-36-42
324,2009-02-14,2,4,21,25,33,36,17,"1,865,130,350원",13.11,121,2-4-21-25-33-36
325,2009-02-21,7,17,20,32,44,45,33,"1,806,122,450원",14.06,165,7-17-20-32-44-45
326,2009-02-28,16,23,25,33,36,39,40,"1,832,134,550원",8.01,172,16-23-25-33-36-39
327,2009-03-07,6,12,13,17,32,44,24,"882,674,750원",13.14,124,6-12-13-17-32-44
328,2009-03-14,1,6,9,16,17,28,24,"1,819,795,900원",8.74,77,1-6-9-16-17-28
329,2009-03-21,9,17,19,30,35,42,4,"1,830,391,200원",11.32,152,9-17-19-30-35-42
330,2009-03-28,3,4,16,17,19,20,23,"1,162,280,200원",6.96,79,3-4-16-17-19-20
331,2009-04-04,4,9,14,26,31,44,39,"2,165,902,620원",13.76,128,4-9-14-26-31-44
332,2009-04-11,16,17,34,36,42,45,3,"1,359,448,388원",11.32,190,16-17-34-36-42-45
333,2009-04-18,5,14,27,30,39,43,35,"1,550,987,143원",13.29,158,5-14-27-30-39-43
334,2009-04-25,13,15,21,29,39,43,33,"1,523,002,972원",11.4,160,13-15-21-29-39-43
335,2009-05-02,5,9,16,23,26,45,21,"2,037,492,480원",13.1,124,5-9-16-23-26-45
336,2009-05-09,3,5,20,34,35,44,16,"1,685,632,650원",15.48,141,3-5-20-34-35-44
337,2009-05-16,1,5,14,18,32,37,4,"1,257,500,513원",13.11,107,1-5-14-18-32-37
338,2009-05-23,2,13,34,38,42,45,16,"3,383,431,000원",15.9,174,2-13-34-38-42-45
339,2009-05-30,6,8,14,21,30,37,45,"1,096,778,334원",11.28,116,6-8-14-21-30-37
340,2009-06-06,18,24,26,29,34,38,32,"1,439,393,186원",6.54,169,18-24-26-29-34-38
341,2009-06-13,1,8,19,34,39,43,41,"1,497,207,772원",15.79,144,1-8-19-34-39-43
342,2009-06-20,1,13,14,33,34,43,25,"3,454,095,800원",14.64,138,1-13-14-33-34-43
343,2009-06-27,1,10,17,29,31,43,15,"1,717,153,000원",14.03,131,1-10-17-29-31-43
344,2009-07-04,1,2,15,28,34,45,38,"1,467,106,543원",16.28,125,1-2-15-28-34-45
345,2009-07-11,15,20,23,29,39,42,2,"5,203,577,550원",9.8,168,15-20-23-29-39-42
346,2009-07-18,5,13,14,22,44,45,33,"2,017,727,340원",15.42,143,5-13-14-22-44-45
347,2009-07-25,3,8,13,27,32,42,10,"1,456,624,286원",13.87,125,3-8-13-27-32-42
348,2009-08-01,3,14,17,20,24,31,34,"3,299,994,000원",8.67,109,3-14-17-20-24-31
349,2009-08-08,5,13,14,20,24,25,36,"3,353,209,000원",6.96,101,5-13-14-20-24-25
350,2009-08-15,1,8,18,24,29,33,35,"1,101,052,467원",11.31,113,1-8-18-24-29-33
351,2009-08-22,5,25,27,29,34,36,33,"2,583,357,150원",10.13,156,5-25-27-29-34-36
352,2009-08-29,5,16,17,20,26,41,24,"1,732,858,250원",10.98,125,5-16-17-20-26-41
353,2009-09-05,11,16,19,22,29,36,26,"5,290,838,250원",8.27,133,11-16-19-22-29-36
354,2009-09-12,14,19,36,43,44,45,1,"2,124,464,340원",12.45,201,14-19-36-43-44-45
355,2009-09-19,5,8,29,30,35,44,38,"2,145,424,800원",14.09,151,5-8-29-30-35-44
356,2009-09-26,2,8,14,25,29,45,24,"1,157,185,267원",14.34,123,2-8-14-25-29-45
357,2009-10-03,10,14,18,21,36,37,5,"5,313,394,350원",10.35,136,10-14-18-21-36-37
358,2009-10-10,1,9,10,12,21,40,37,"3,472,654,900원",12.42,93,1-9-10-12-21-40
359,2009-10-17,1,10,19,20,24,40,23,"1,286,712,600원",12.06,114,1-10-19-20-24-40
360,2009-10-24,4,16,23,25,35,40,27,"3,566,716,200원",11.85,143,4-16-23-25-35-40
361,2009-10-31,5,10,16,24,27,35,33,"1,473,115,115원",10.24,117,5-10-16-24-27-35
362,2009-11-07,2,3,22,27,30,40,29,"1,729,424,650원",13.92,124,2-3-22-27-30-40
363,2009-11-14,11,12,14,21,32,38,6,"2,615,910,600원",10.32,128,11-12-14-21-32-38
364,2009-11-21,2,5,7,14,16,40,4,"2,531,914,800원",12.61,84,2-5-7-14-16-40
365,2009-11-28,5,15,21,25,26,30,31,"10,697,716,800원",8.28,122,5-15-21-25-26-30
366,2009-12-05,5,12,19,26,27,44,38,"5,351,553,900원",12.4,133,5-12-19-26-27-44
367,2009-12-12,3,22,25,29,32,44,19,"1,581,736,586원",12.35,155,3-22-25-29-32-44
368,2009-12-19,11,21,24,30,39,45,26,"1,465,825,115원",11.31,170,11-21-24-30-39-45
369,2009-12-26,17,20,35,36,41,43,21,"1,842,177,750원",9.97,192,17-20-35-36-41-43
370,2010-01-02,16,18,24,42,44,45,17,"1,678,941,943원",12.43,189,16-18-24-42-44-45
371,2010-01-09,7,9,15,26,27,42,18,"1,524,130,543원",12.1,126,7-9-15-26-27-42
372,2010-01-16,8,11,14,16,18,21,13,"1,192,593,200원",4.31,88,8-11-14-16-18-21
373,2010-01-23,15,26,37,42,43,45,9,"2,791,801,125원",10.78,208,15-26-37-42-43-45
374,2010-01-30,11,13,15,17,25,34,26,"5,528,717,850원",7.97,115,11-13-15-17-25-34
375,2010-02-06,4,8,19,25,27,45,7,"1,581,284,058원",13.47,128,4-8-19-25-27-45
376,2010-02-13,1,11,13,24,28,40,7,"1,956,915,800원",12.71,117,1-11-13-24-28-40
377,2010-02-20,6,22,29,37,43,45,23,"3,912,085,400원",13.44,182,6-22-29-37-43-45
378,2010-02-27,5,22,29,31,34,39,43,"2,317,698,240원",10.96,160,5-22-29-31-34-39
379,2010-03-06,6,10,22,31,35,40,19,"1,598,999,786원",12.58,144,6-10-22-31-35-40
380,2010-03-13,1,2,8,17,26,37,27,"2,684,274,825원",13.06,91,1-2-8-17-26-37
381,2010-03-20,1,5,10,12,16,20,11,"565,738,895원",6.37,64,1-5-10-12-16-20
382,2010-03-27,10,15,22,24,27,42,19,"1,846,674,900원",10.09,140,10-15-22-24-27-42
383,2010-04-03,4,15,28,33,37,40,25,"3,596,522,100원",12.75,157,4-15-28-33-37-40
384,2010-04-10,11,22,24,32,36,38,7,"3,658,734,200원",9.28,163,11-22-24-32-36-38
385,2010-04-17,7,12,19,21,29,32,9,"1,542,032,700원",8.76,120,7-12-19-21-29-32
386,2010-04-24,4,7,10,19,31,40,26,"1,042,953,330원",13.12,111,4-7-10-19-31-40
387,2010-05-01,1,26,31,34,40,43,20,"2,675,533,500원",13.78,175,1-26-31-34-40-43
388,2010-05-08,1,8,9,17,29,32,45,"2,545,543,875원",11.28,96,1-8-9-17-29-32
389,2010-05-15,7,16,18,20,23,26,3,"2,119,027,020원",6.02,110,7-16-18-20-23-26
390,2010-05-22,16,17,28,37,39,40,15,"10,373,997,900원",9.98,177,16-17-28-37-39-40
391,2010-05-29,10,11,18,22,28,39,30,"10,508,749,800원",10.03,128,10-11-18-22-28-39
392,2010-06-05,1,3,7,8,24,42,43,"1,713,528,700원",14.48,85,1-3-7-8-24-42
393,2010-06-12,9,16,28,40,41,43,21,"1,362,003,975원",13.1,177,9-16-28-40-41-43
394,2010-06-19,1,13,20,22,25,28,15,"10,654,349,100원",8.97,109,1-13-20-22-25-28
395,2010-06-26,11,15,20,26,31,35,7,"1,534,635,000원",8.5,138,11-15-20-26-31-35
396,2010-07-03,18,20,31,34,40,45,30,"5,296,622,400원",9.79,188,18-20-31-34-40-45
397,2010-07-10,12,13,17,22,25,33,8,"3,499,519,700원",7.3,122,12-13-17-22-25-33
398,2010-07-17,10,15,20,23,42,44,7,"2,680,625,550원",12.92,154,10-15-20-23-42-44
399,2010-07-24,1,2,9,17,19,42,20,"1,276,854,975원",13.84,90,1-2-9-17-19-42
400,2010-07-31,9,21,27,34,41,43,2,"2,669,834,325원",11.78,175,9-21-27-34-41-43
401,2010-08-07,6,12,18,31,38,43,9,"1,168,214,792원",13.59,148,6-12-18-31-38-43
402,2010-08-14,5,9,15,19,22,36,32,"2,662,206,188원",9.99,106,5-9-15-19-22-36
403,2010-08-21,10,14,22,24,28,37,26,"2,122,396,875원",8.86,135,10-14-22-24-28-37
404,2010-08-28,5,20,21,24,33,40,36,"3,566,659,375원",10.98,143,5-20-21-24-33-40
405,2010-09-04,1,2,10,25,26,44,4,"3,543,878,000원",15.26,108,1-2-10-25-26-44
406,2010-09-11,7,12,21,24,27,36,45,"2,156,142,450원",9.55,127,7-12-21-24-27-36
407,2010-09-18,6,7,13,16,24,25,1,"1,649,707,286원",7.43,91,6-7-13-16-24-25
408,2010-09-25,9,20,21,22,30,37,16,"2,235,375,825원",8.71,139,9-20-21-22-30-37
409,2010-10-02,6,9,21,31,32,40,38,"2,896,989,750원",12.4,139,6-9-21-31-32-40
410,2010-10-09,1,3,18,32,40,41,16,"1,249,335,709원",16.34,135,1-3-18-32-40-41
411,2010-10-16,11,14,22,35,37,39,5,"953,227,563원",11.22,158,11-14-22-35-37-39
412,2010-10-23,4,7,39,41,42,45,40,"1,656,199,822원",17.2,178,4-7-39-41-42-45
413,2010-10-30,2,9,15,23,34,40,3,"2,814,673,500원",13.38,123,2-9-15-23-34-40
414,2010-11-06,2,14,15,22,23,44,43,"11,703,832,500원",12.74,120,2-14-15-22-23-44
415,2010-11-13,7,17,20,26,30,40,24,"1,334,182,407원",10.39,140,7-17-20-26-30-40
416,2010-11-20,5,6,8,11,22,26,44,"1,072,037,100원",8.08,78,5-6-8-11-22-26
417,2010-11-27,4,5,14,20,22,43,44,"2,818,329,938원",13.08,108,4-5-14-20-22-43
418,2010-12-04,11,13,15,26,28,34,31,"1,435,649,766원",8.59,127,11-13-15-26-28-34
419,2010-12-11,2,11,13,14,28,30,7,"3,796,490,750원",9.78,98,2-11-13-14-28-30
420,2010-12-18,4,9,10,29,31,34,27,"1,424,856,375원",12.07,117,4-9-10-29-31-34
421,2010-12-25,6,11,26,27,28,44,30,"2,321,144,325원",12.39,142,6-11-26-27-28-44
422,2011-01-01,8,15,19,21,34,44,12,"2,205,251,375원",12.04,141,8-15-19-21-34-44
423,2011-01-08,1,17,27,28,29,40,5,"3,896,153,875원",12.13,142,1-17-27-28-29-40
424,2011-01-15,10,11,26,31,34,44,30,"1,109,480,813원",12.21,156,10-11-26-31-34-44
425,2011-01-22,8,10,14,27,33,38,3,"1,534,833,000원",11.59,130,8-10-14-27-33-38
426,2011-01-29,4,17,18,27,39,43,19,"3,057,233,625원",13.4,148,4-17-18-27-39-43
427,2011-02-05,6,7,15,24,28,30,21,"12,571,445,625원",9.6,110,6-7-15-24-28-30
428,2011-02-12,12,16,19,22,37,40,8,"1,437,683,209원",10.5,146,12-16-19-22-37-40
429,2011-02-19,3,23,28,34,39,42,16,"1,485,904,709원",12.93,169,3-23-28-34-39-42
430,2011-02-26,1,3,16,18,30,34,44,"1,611,763,219원",12.33,102,1-3-16-18-30-34
431,2011-03-05,18,22,25,31,38,45,6,"1,268,434,013원",9.33,179,18-22-25-31-38-45
432,2011-03-12,2,3,5,11,27,39,33,"2,299,427,550원",13.83,87,2-3-5-11-27-39
433,2011-03-19,19,23,29,33,35,43,27,"1,182,294,410원",7.89,182,19-23-29-33-35-43
434,2011-03-26,3,13,20,24,33,37,35,"1,480,060,266원",11.51,130,3-13-20-24-33-37
435,2011-04-02,8,16,26,30,38,45,42,"1,287,550,013원",12.5,163,8-16-26-30-38-45
436,2011-04-09,9,14,20,22,33,34,28,"1,512,266,579원",9.15,132,9-14-20-22-33-34
437,2011-04-16,11,16,29,38,41,44,21,"2,096,245,438원",12.51,179,11-16-29-38-41-44
438,2011-04-23,6,12,20,26,29,38,45,"1,377,142,167원",10.65,131,6-12-20-26-29-38
439,2011-04-30,17,20,30,31,37,40,25,"1,900,077,375원",8.31,175,17-20-30-31-37-40
440,2011-05-07,10,22,28,34,36,44,2,"1,995,873,000원",10.88,174,10-22-28-34-36-44
441,2011-05-14,1,23,28,30,34,35,9,"3,170,417,063원",11.51,151,1-23-28-30-34-35
442,2011-05-21,25,27,29,36,38,40,41,"1,413,413,042원",5.74,195,25-27-29-36-38-40
443,2011-05-28,4,6,10,19,20,44,14,"1,327,597,584원",13.42,103,4-6-10-19-20-44
444,2011-06-04,11,13,23,35,43,45,17,"4,154,188,625원",13.55,170,11-13-23-35-43-45
445,2011-06-11,13,20,21,30,39,45,32,"1,791,683,036원",11.2,168,13-20-21-30-39-45
446,2011-06-18,1,11,12,14,26,35,6,"4,051,247,625원",11.03,99,1-11-12-14-26-35
447,2011-06-25,2,7,8,9,17,33,34,"2,657,941,125원",10.11,76,2-7-8-9-17-33
448,2011-07-02,3,7,13,27,40,41,36,"4,026,212,750원",15.15,131,3-7-13-27-40-41
449,2011-07-09,3,10,20,26,35,43,36,"4,059,715,250원",13.73,137,3-10-20-26-35-43
450,2011-07-16,6,14,19,21,23,31,13,"1,990,391,625원",7.72,114,6-14-19-21-23-31
451,2011-07-23,12,15,20,24,30,38,29,"882,138,952원",8.84,139,12-15-20-24-30-38
452,2011-07-30,8,10,18,30,32,34,27,"1,276,902,000원",10.52,132,8-10-18-30-32-34
453,2011-08-06,12,24,33,38,40,42,30,"2,262,732,375원",10.52,189,12-24-33-38-40-42
454,2011-08-13,13,25,27,34,38,41,10,"1,609,125,590원",9.34,178,13-25-27-34-38-41
455,2011-08-20,4,19,20,26,30,35,24,"1,635,711,483원",9.88,134,4-19-20-26-30-35
456,2011-08-27,1,7,12,18,23,27,44,"1,598,505,054원",8.99,88,1-7-12-18-23-27
457,2011-09-03,8,10,18,23,27,40,33,"1,159,902,825원",10.8,126,8-10-18-23-27-40
458,2011-09-10,4,9,10,32,36,40,18,"1,608,812,625원",14.47,131,4-9-10-32-36-40
459,2011-09-17,4,6,10,14,25,40,12,"1,655,842,233원",12.51,99,4-6-10-14-25-40
460,2011-09-24,8,11,28,30,43,45,41,"3,180,895,782원",14.17,165,8-11-28-30-43-45
461,2011-10-01,11,18,26,31,37,40,43,"1,948,674,875원",10.19,163,11-18-26-31-37-40
462,2011-10-08,3,20,24,32,37,45,4,"1,483,559,297원",13.43,161,3-20-24-32-37-45
463,2011-10-15,23,29,31,33,34,44,40,0원,6.32,194,23-29-31-33-34-44
464,2011-10-22,6,12,15,34,42,44,4,"3,355,721,106원",15.05,153,6-12-15-34-42-44
465,2011-10-29,1,8,11,13,22,38,31,"1,923,662,893원",11.84,93,1-8-11-13-22-38
466,2011-11-05,4,10,13,23,32,44,20,"1,530,313,459원",13.71,126,4-10-13-23-32-44
467,2011-11-12,2,12,14,17,24,40,39,"1,435,441,084원",11.75,109,2-12-14-17-24-40
468,2011-11-19,8,13,15,28,37,43,17,"1,527,197,167원",12.94,144,8-13-15-28-37-43
469,2011-11-26,4,21,22,34,37,38,33,"3,330,131,250원",11.93,156,4-21-22-34-37-38
470,2011-12-03,10,16,20,39,41,42,27,"4,333,330,625원",13.03,168,10-16-20-39-41-42
471,2011-12-10,6,13,29,37,39,41,43,"1,939,332,858원",13.41,165,6-13-29-37-39-41
472,2011-12-17,16,25,26,31,36,43,44,"1,809,656,090원",8.58,177,16-25-26-31-36-43
473,2011-12-24,8,13,20,22,23,36,34,"3,250,418,063원",8.77,122,8-13-20-22-23-36
474,2011-12-31,4,13,18,31,33,45,43,"936,690,800원",13.71,144,4-13-18-31-33-45
475,2012-01-07,1,9,14,16,21,29,3,"1,693,923,047원",8.81,90,1-9-14-16-21-29
476,2012-01-14,9,12,13,15,37,38,27,"3,439,851,469원",12.04,124,9-12-13-15-37-38
477,2012-01-21,14,25,29,32,33,45,37,"1,919,011,829원",9.3,178,14-25-29-32-33-45
478,2012-01-28,18,29,30,37,39,43,8,"987,224,759원",8.18,196,18-29-30-37-39-43
479,2012-02-04,8,23,25,27,35,44,24,"2,233,046,500원",11.06,162,8-23-25-27-35-44
480,2012-02-11,3,5,10,17,30,31,16,"2,996,742,282원",11.17,96,3-5-10-17-30-31
481,2012-02-18,3,4,23,29,40,41,20,"4,639,355,750원",15.33,140,3-4-23-29-40-41
482,2012-02-25,1,10,16,24,25,35,43,"1,897,921,179원",11.03,111,1-10-16-24-25-35
483,2012-03-03,12,15,19,22,28,34,5,"2,567,196,675원",7.5,130,12-15-19-22-28-34
484,2012-03-10,1,3,27,28,32,45,11,"2,305,303,063원",15.76,136,1-3-27-28-32-45
485,2012-03-17,17,22,26,27,36,39,20,"1,501,474,917원",7.6,167,17-22-26-27-36-39
486,2012-03-24,1,2,23,25,38,40,43,"1,008,634,125원",15.44,129,1-2-23-25-38-40
487,2012-03-31,4,8,25,27,37,41,21,"1,638,830,766원",13.68,142,4-8-25-27-37-41
488,2012-04-07,2,8,17,30,31,38,25,"1,330,393,575원",13.01,126,2-8-17-30-31-38
489,2012-04-14,2,4,8,15,20,27,11,"2,106,360,625원",8.9,76,2-4-8-15-20-27
490,2012-04-21,2,7,26,29,40,43,42,"1,860,234,161원",15.37,147,2-7-26-29-40-43
491,2012-04-28,8,17,35,36,39,42,4,"3,304,634,438원",12.5,177,8-17-35-36-39-42
492,2012-05-05,22,27,31,35,37,40,42,"2,493,013,800원",6.11,192,22-27-31-35-37-40
493,2012-05-12,20,22,26,33,36,37,25,"1,451,120,334원",6.68,174,20-22-26-33-36-37
494,2012-05-19,5,7,8,15,30,43,22,"1,054,588,407원",13.95,108,5-7-8-15-30-43
495,2012-05-26,4,13,22,27,34,44,6,"2,111,645,000원",13.13,144,4-13-22-27-34-44
496,2012-06-02,4,13,20,29,36,41,39,"3,285,932,250원",12.88,143,4-13-20-29-36-41
497,2012-06-09,19,20,23,24,43,44,13,"2,222,817,813원",10.51,173,19-20-23-24-43-44
498,2012-06-16,13,14,24,32,39,41,3,"3,244,503,094원",11.1,163,13-14-24-32-39-41
499,2012-06-23,5,20,23,27,35,40,43,"4,070,480,250원",11.24,150,5-20-23-27-35-40
500,2012-06-30,3,4,12,20,24,34,41,"1,351,072,375원",11.05,97,3-4-12-20-24-34
501,2012-07-07,1,4,10,17,31,42,2,"3,025,200,094원",14.68,105,1-4-10-17-31-42
502,2012-07-14,6,22,28,32,34,40,26,"2,201,458,125원",10.88,162,6-22-28-32-34-40
503,2012-07-21,1,5,27,30,34,36,40,"1,853,634,911원",13.9,133,1-5-27-30-34-36
504,2012-07-28,6,14,22,26,43,44,31,"1,443,236,959원",13.98,155,6-14-22-26-43-44
505,2012-08-04,7,20,22,25,38,40,44,"1,917,955,188원",11.19,152,7-20-22-25-38-40
506,2012-08-11,6,9,11,22,24,30,31,"4,073,333,875원",8.79,102,6-9-11-22-24-30
507,2012-08-18,12,13,32,33,40,41,4,"1,416,438,875원",11.79,171,12-13-32-33-40-41
508,2012-08-25,5,27,31,34,35,43,37,"1,599,557,860원",11.84,175,5-27-31-34-35-43
509,2012-09-01,12,25,29,35,42,43,24,"2,689,076,100원",10.66,186,12-25-29-35-42-43
510,2012-09-08,12,29,32,33,39,40,42,"2,644,158,150원",9.26,185,12-29-32-33-39-40
511,2012-09-15,3,7,14,23,26,42,24,"2,165,579,250원",13.03,115,3-7-14-23-26-42
512,2012-09-22,4,5,9,13,26,27,1,"940,094,452원",9.31,84,4-5-9-13-26-27
513,2012-09-29,5,8,21,23,27,33,12,"4,589,624,750원",9.96,117,5-8-21-23-27-33
514,2012-10-06,1,15,20,26,35,42,9,"4,451,055,500원",13.36,139,1-15-20-26-35-42
515,2012-10-13,2,11,12,15,23,37,8,"13,200,466,875원",10.99,100,2-11-12-15-23-37
516,2012-10-20,2,8,23,41,43,44,30,"1,294,190,182원",17.04,161,2-8-23-41-43-44
517,2012-10-27,1,9,12,28,36,41,10,"2,659,057,725원",14.71,127,1-9-12-28-36-41
518,2012-11-03,14,23,30,32,34,38,6,"2,263,804,125원",7.91,171,14-23-30-32-34-38
519,2012-11-10,6,8,13,16,30,43,3,"1,950,601,393원",13.11,116,6-8-13-16-30-43
520,2012-11-17,4,22,27,28,38,40,1,"2,167,205,438원",11.86,159,4-22-27-28-38-40
521,2012-11-24,3,7,18,29,32,36,19,"1,693,420,922원",12.51,125,3-7-18-29-32-36
522,2012-12-01,4,5,13,14,37,41,11,"2,281,623,000원",14.66,114,4-5-13-14-37-41
523,2012-12-08,1,4,37,38,40,45,7,"1,780,355,840원",17.88,165,1-4-37-38-40-45
524,2012-12-15,10,11,29,38,41,45,21,"3,491,695,594원",13.94,174,10-11-29-38-41-45
525,2012-12-22,11,23,26,29,39,44,22,"1,501,132,375원",10.75,172,11-23-26-29-39-44
526,2012-12-29,7,14,17,20,35,39,31,"1,491,031,959원",11.37,132,7-14-17-20-35-39
527,2013-01-05,1,12,22,32,33,42,38,"1,032,386,366원",13.82,142,1-12-22-32-33-42
528,2013-01-12,5,17,25,31,39,40,10,"1,197,889,125원",12.33,157,5-17-25-31-39-40
529,2013-01-19,18,20,24,27,31,42,39,"1,749,114,797원",7.96,162,18-20-24-27-31-42
530,2013-01-26,16,23,27,29,33,41,22,"1,231,656,239원",7.8,169,16-23-27-29-33-41
531,2013-02-02,1,5,9,21,27,35,45,"1,521,519,750원",12.26,98,1-5-9-21-27-35
532,2013-02-09,16,17,23,24,29,44,3,"2,216,896,286원",9.36,153,16-17-23-24-29-44
533,2013-02-16,9,14,15,17,31,33,23,"1,785,671,579원",8.95,119,9-14-15-17-31-33
534,2013-02-23,10,24,26,29,37,38,32,"14,215,763,250원",9.34,164,10-24-26-29-37-38
535,2013-03-02,11,12,14,15,18,39,34,"4,935,603,000원",9.58,109,11-12-14-15-18-39
536,2013-03-09,7,8,18,32,37,43,12,"1,308,523,603원",13.99,145,7-8-18-32-37-43
537,2013-03-16,12,23,26,30,36,43,11,"2,104,038,911원",9.81,170,12-23-26-30-36-43
538,2013-03-23,6,10,18,31,32,34,11,"4,688,021,625원",11.11,131,6-10-18-31-32-34
539,2013-03-30,3,19,22,31,42,43,26,"1,621,036,667원",13.91,160,3-19-22-31-42-43
540,2013-04-06,3,12,13,15,34,36,14,"1,989,365,250원",12.05,113,3-12-13-15-34-36
541,2013-04-13,8,13,26,28,32,34,43,"1,269,327,171원",9.66,141,8-13-26-28-32-34
542,2013-04-20,5,6,19,26,41,45,34,"2,335,152,563원",15.51,142,5-6-19-26-41-45
543,2013-04-27,13,18,26,31,34,44,12,"1,112,934,844원",10.24,166,13-18-26-31-34-44
544,2013-05-04,5,17,21,25,36,44,10,"1,046,388,433원",12.66,148,5-17-21-25-36-44
545,2013-05-11,4,24,25,27,34,35,2,"1,198,994,353원",10.22,149,4-24-25-27-34-35
546,2013-05-18,8,17,20,27,37,43,6,"405,939,950원",11.9,152,8-17-20-27-37-43
547,2013-05-25,6,7,15,22,34,39,28,"2,838,444,450원",12.58,123,6-7-15-22-34-39
548,2013-06-01,1,12,13,21,32,45,14,"1,736,871,891원",14.38,124,1-12-13-21-32-45
549,2013-06-08,29,31,35,38,40,44,17,"1,760,805,047원",5.15,217,29-31-35-38-40-44
550,2013-06-15,1,7,14,20,34,37,41,"1,118,679,205원",13.18,113,1-7-14-20-34-37
551,2013-06-22,3,6,20,24,27,44,25,"13,526,973,750원",13.68,124,3-6-20-24-27-44
552,2013-06-29,1,10,20,32,35,40,43,"1,330,824,225원",14,138,1-10-20-32-35-40
553,2013-07-06,2,7,17,28,29,39,37,"2,249,631,438원",12.96,122,2-7-17-28-29-39
554,2013-07-13,13,14,17,32,41,42,6,"6,813,893,625원",12.31,159,13-14-17-32-41-42
555,2013-07-20,11,17,21,24,26,36,12,"1,711,027,360원",7.76,135,11-17-21-24-26-36
556,2013-07-27,12,20,23,28,30,44,43,"2,005,209,161원",9.87,157,12-20-23-28-30-44
557,2013-08-03,4,20,26,28,35,40,31,"1,888,069,286원",11.54,153,4-20-26-28-35-40
558,2013-08-10,12,15,19,26,40,43,29,"1,315,913,663원",11.91,155,12-15-19-26-40-43
559,2013-08-17,11,12,25,32,44,45,23,"1,926,145,608원",13.63,169,11-12-25-32-44-45
560,2013-08-24,1,4,20,23,29,45,28,"1,976,697,215원",14.9,122,1-4-20-23-29-45
561,2013-08-31,5,7,18,37,42,45,20,"2,753,712,225원",16.35,154,5-7-18-37-42-45
562,2013-09-07,4,11,13,17,20,31,33,"1,166,694,614원",8.37,96,4-11-13-17-20-31
563,2013-09-14,5,10,16,17,31,32,21,"1,932,735,643원",10.01,111,5-10-16-17-31-32
564,2013-09-21,14,19,25,26,27,34,2,"1,934,801,143원",6.31,145,14-19-25-26-27-34
565,2013-09-28,4,10,18,27,40,45,38,"1,742,064,469원",14.93,144,4-10-18-27-40-45
566,2013-10-05,4,5,6,25,26,43,41,"3,508,951,032원",14.42,109,4-5-6-25-26-43
567,2013-10-12,1,10,15,16,32,41,28,"2,318,659,438원",13.43,115,1-10-15-16-32-41
568,2013-10-19,1,3,17,20,31,44,40,"1,305,167,550원",15.02,116,1-3-17-20-31-44
569,2013-10-26,3,6,13,23,24,35,1,"3,467,925,188원",11.12,104,3-6-13-23-24-35
570,2013-11-02,1,12,26,27,29,33,42,"1,527,791,625원",11.18,128,1-12-26-27-29-33
571,2013-11-09,11,18,21,26,38,43,29,"1,966,538,465원",11.16,157,11-18-21-26-38-43
572,2013-11-16,3,13,18,33,37,45,1,"1,668,216,188원",14.63,149,3-13-18-33-37-45
573,2013-11-23,2,4,20,34,35,43,14,"1,645,691,766원",15.68,138,2-4-20-34-35-43
574,2013-11-30,14,15,16,19,25,43,2,"6,965,184,938원",10.07,132,14-15-16-19-25-43
575,2013-12-07,2,8,20,30,33,34,6,"1,699,267,875원",12.42,127,2-8-20-30-33-34
576,2013-12-14,10,11,15,25,35,41,13,"4,321,966,000원",11.89,137,10-11-15-25-35-41
577,2013-12-21,16,17,22,31,34,37,33,"4,484,438,375원",8.23,157,16-17-22-31-34-37
578,2013-12-28,5,12,14,32,34,42,16,"2,796,466,575원",13.47,139,5-12-14-32-34-42
579,2014-01-04,5,7,20,22,37,42,39,"1,396,068,444원",13.8,133,5-7-20-22-37-42
580,2014-01-11,5,7,9,11,32,35,33,"2,028,610,500원",12.19,99,5-7-9-11-32-35
581,2014-01-18,3,5,14,20,42,44,33,"1,844,554,547원",16.33,128,3-5-14-20-42-44
582,2014-01-25,2,12,14,33,40,41,25,"3,560,558,719원",15.02,142,2-12-14-33-40-41
583,2014-02-01,8,17,27,33,40,44,24,"1,341,848,353원",12.56,169,8-17-27-33-40-44
584,2014-02-08,7,18,30,39,40,41,36,"5,033,183,250원",12.72,175,7-18-30-39-40-41
585,2014-02-15,6,7,10,16,38,41,4,"1,620,546,334원",14.41,118,6-7-10-16-38-41
586,2014-02-22,2,7,12,15,21,34,5,"1,778,354,344원",10.32,91,2-7-12-15-21-34
587,2014-03-01,14,21,29,31,32,37,17,"4,974,577,375원",7.63,164,14-21-29-31-32-37
588,2014-03-08,2,8,15,22,25,41,30,"2,889,342,075원",12.62,113,2-8-15-22-25-41
589,2014-03-15,6,8,28,33,38,39,22,"2,136,877,983원",13.46,152,6-8-28-33-38-39
590,2014-03-22,20,30,36,38,41,45,23,"2,185,183,983원",8.12,210,20-30-36-38-41-45
591,2014-03-29,8,13,14,30,38,39,5,"2,964,676,200원",12.47,142,8-13-14-30-38-39
592,2014-04-05,2,5,6,13,28,44,43,"2,356,381,688원",15.02,98,2-5-6-13-28-44
593,2014-04-12,9,10,13,24,33,38,28,"1,532,833,500원",11.33,127,9-10-13-24-33-38
594,2014-04-19,2,8,13,25,28,37,3,"1,255,592,796원",12.16,113,2-8-13-25-28-37
595,2014-04-26,8,24,28,35,38,40,5,"1,744,525,219원",10.84,173,8-24-28-35-38-40
596,2014-05-03,3,4,12,14,25,43,17,"1,328,267,663원",13.78,101,3-4-12-14-25-43
597,2014-05-10,8,10,23,24,35,43,37,"1,057,920,606원",12.48,143,8-10-23-24-35-43
598,2014-05-17,4,12,24,33,38,45,22,"833,998,594원",14.36,156,4-12-24-33-38-45
599,2014-05-24,5,12,17,29,34,35,27,"1,710,918,329원",11.37,132,5-12-17-29-34-35
600,2014-05-31,5,11,14,27,29,36,44,"901,798,725원",11.01,122,5-11-14-27-29-36
601,2014-06-07,2,16,19,31,34,35,37,"1,524,565,209원",11.8,137,2-16-19-31-34-35
602,2014-06-14,13,14,22,27,30,38,2,"1,689,530,860원",8.81,144,13-14-22-27-30-38
603,2014-06-21,2,19,25,26,27,43,28,"3,452,136,563원",12.13,142,2-19-25-26-27-43
604,2014-06-28,2,6,18,21,33,34,30,"1,229,141,557원",12.14,114,2-6-18-21-33-34
605,2014-07-05,1,2,7,9,10,38,42,"1,394,232,250원",12.46,67,1-2-7-9-10-38
606,2014-07-12,1,5,6,14,20,39,22,"1,311,566,850원",12.75,85,1-5-6-14-20-39
607,2014-07-19,8,14,23,36,38,39,13,"3,494,480,907원",12.17,158,8-14-23-36-38-39
608,2014-07-26,4,8,18,19,39,44,41,"1,943,530,018원",14.82,132,4-8-18-19-39-44
609,2014-08-02,4,8,27,34,39,40,13,"6,339,311,438원",14.35,152,4-8-27-34-39-40
610,2014-08-09,14,18,20,23,28,36,33,"3,516,018,375원",7.17,139,14-18-20-23-28-36
611,2014-08-16,2,22,27,33,36,37,14,"3,502,706,157원",11.99,157,2-22-27-33-36-37
612,2014-08-23,6,9,18,19,25,33,40,"1,181,705,250원",9.12,110,6-9-18-19-25-33
613,2014-08-30,7,8,11,16,41,44,35,"1,549,831,209원",15.38,127,7-8-11-16-41-44
614,2014-09-06,8,21,25,39,40,44,18,"2,540,975,438원",12.69,177,8-21-25-39-40-44
615,2014-09-13,10,17,18,19,23,27,35,"1,535,062,417원",5.26,114,10-17-18-19-23-27
616,2014-09-20,5,13,18,23,40,45,3,"1,611,811,250원",14.24,144,5-13-18-23-40-45
617,2014-09-27,4,5,11,12,24,27,28,"1,629,701,860원",8.78,83,4-5-11-12-24-27
618,2014-10-04,8,16,25,30,42,43,15,"2,881,326,225원",12.75,164,8-16-25-30-42-43
619,2014-10-11,6,8,13,30,35,40,21,"4,612,479,375원",13.48,132,6-8-13-30-35-40
620,2014-10-18,2,16,17,32,39,45,40,"2,028,283,233원",14.83,151,2-16-17-32-39-45
621,2014-10-25,1,2,6,16,19,42,9,"2,359,723,500원",14.08,86,1-2-6-16-19-42
622,2014-11-01,9,15,16,21,28,34,24,"1,630,598,292원",8.38,123,9-15-16-21-28-34
623,2014-11-08,7,13,30,39,41,45,25,"1,813,702,594원",14.38,175,7-13-30-39-41-45
624,2014-11-15,1,7,19,26,27,35,16,"2,763,729,450원",11.81,115,1-7-19-26-27-35
625,2014-11-22,3,6,7,20,21,39,13,"2,765,184,675원",12.38,96,3-6-7-20-21-39
626,2014-11-29,13,14,26,33,40,43,15,"1,717,871,110원",11.68,169,13-14-26-33-40-43
627,2014-12-06,2,9,22,25,31,45,12,"1,352,230,650원",14.07,134,2-9-22-25-31-45
628,2014-12-13,1,7,12,15,23,42,11,"1,499,942,875원",13.2,100,1-7-12-15-23-42
629,2014-12-20,19,28,31,38,43,44,1,"2,919,433,575원",8.82,203,19-28-31-38-43-44
630,2014-12-27,8,17,21,24,27,31,15,"4,836,305,500원",7.41,128,8-17-21-24-27-31
631,2015-01-03,1,2,4,23,31,34,8,"3,919,853,532원",13.92,95,1-2-4-23-31-34
632,2015-01-10,15,18,21,32,35,44,6,"1,432,587,716원",10.31,165,15-18-21-32-35-44
633,2015-01-17,9,12,19,20,39,41,13,"1,217,257,094원",12.39,140,9-12-19-20-39-41
634,2015-01-24,4,10,11,12,20,27,38,"1,077,935,106원",7.46,84,4-10-11-12-20-27
635,2015-01-31,11,13,25,26,29,33,32,"1,855,587,235원",8.09,137,11-13-25-26-29-33
636,2015-02-07,6,7,15,16,20,31,26,"1,832,362,219원",8.39,95,6-7-15-16-20-31
637,2015-02-14,3,16,22,37,38,44,23,"3,899,241,094원",14.33,160,3-16-22-37-38-44
638,2015-02-21,7,18,22,24,31,34,6,"2,229,403,179원",8.83,136,7-18-22-24-31-34
639,2015-02-28,6,15,22,23,25,32,40,"4,061,185,219원",8.18,123,6-15-22-23-25-32
640,2015-03-07,14,15,18,21,26,35,23,"1,728,768,834원",7.23,129,14-15-18-21-26-35
641,2015-03-14,11,18,21,36,37,43,12,"1,990,074,563원",11.6,166,11-18-21-36-37-43
642,2015-03-21,8,17,18,24,39,45,32,"1,251,460,438원",12.9,151,8-17-18-24-39-45
643,2015-03-28,15,24,31,32,33,40,13,"2,535,763,625원",7.86,175,15-24-31-32-33-40
644,2015-04-04,5,13,17,23,28,36,8,"1,831,451,204원",10.09,122,5-13-17-23-28-36
645,2015-04-11,1,4,16,26,40,41,31,"3,696,297,750원",15.81,128,1-4-16-26-40-41
646,2015-04-18,2,9,24,41,43,45,30,"2,215,498,393원",17,164,2-9-24-41-43-45
647,2015-04-25,5,16,21,23,24,30,29,"2,189,725,608원",7.82,119,5-16-21-23-24-30
648,2015-05-02,13,19,28,37,38,43,4,"2,120,987,947원",10.77,178,13-19-28-37-38-43
649,2015-05-09,3,21,22,33,41,42,20,"2,948,042,100원",13.5,162,3-21-22-33-41-42
650,2015-05-16,3,4,7,11,31,41,35,"2,849,298,900원",14.54,97,3-4-7-11-31-41
651,2015-05-23,11,12,16,26,29,44,18,"1,855,306,454원",11.55,138,11-12-16-26-29-44
652,2015-05-30,3,13,15,40,41,44,20,"3,003,483,525원",16.15,156,3-13-15-40-41-44
653,2015-06-06,5,6,26,27,38,39,1,"980,958,670원",13.65,141,5-6-26-27-38-39
654,2015-06-13,16,21,26,31,36,43,6,"1,879,301,391원",9.04,173,16-21-26-31-36-43
655,2015-06-20,7,37,38,39,40,44,18,"1,661,439,625원",12.35,205,7-37-38-39-40-44
656,2015-06-27,3,7,14,16,31,40,39,"7,330,002,750원",13.02,111,3-7-14-16-31-40
657,2015-07-04,10,14,19,39,40,43,23,"1,694,762,792원",13.48,165,10-14-19-39-40-43
658,2015-07-11,8,19,25,28,32,36,37,"1,634,031,375원",9.16,148,8-19-25-28-32-36
659,2015-07-18,7,18,19,27,29,42,45,"1,336,604,216원",10.86,142,7-18-19-27-29-42
660,2015-07-25,4,9,23,33,39,44,14,"1,421,272,575원",14.84,152,4-9-23-33-39-44
661,2015-08-01,2,3,12,20,27,38,40,"1,713,025,547원",12.88,102,2-3-12-20-27-38
662,2015-08-08,5,6,9,11,15,37,26,"1,689,733,688원",10.87,83,5-6-9-11-15-37
663,2015-08-15,3,5,8,19,38,42,20,"2,080,244,143원",15.61,115,3-5-8-19-38-42
664,2015-08-22,10,20,33,36,41,44,5,"1,536,801,338원",11.97,184,10-20-33-36-41-44
665,2015-08-29,5,6,11,17,38,44,13,"3,643,230,375원",15.33,121,5-6-11-17-38-44
666,2015-09-05,2,4,6,11,17,28,16,"2,396,901,063원",8.94,68,2-4-6-11-17-28
667,2015-09-12,15,17,25,37,42,43,13,"2,228,764,393원",11.41,179,15-17-25-37-42-43
668,2015-09-19,12,14,15,24,27,32,3,"2,991,158,625원",7.43,124,12-14-15-24-27-32
669,2015-09-26,7,8,20,29,33,38,9,"2,708,173,188원",11.9,135,7-8-20-29-33-38
670,2015-10-03,11,18,26,27,40,41,25,"1,191,725,219원",10.82,163,11-18-26-27-40-41
671,2015-10-10,7,9,10,13,31,35,24,"3,722,322,844원",11.16,105,7-9-10-13-31-35
672,2015-10-17,8,21,28,31,36,45,43,"1,754,745,000원",11.62,169,8-21-28-31-36-45
673,2015-10-24,7,10,17,29,33,44,5,"1,491,453,300원",13.15,140,7-10-17-29-33-44
674,2015-10-31,9,10,14,25,27,31,11,"1,770,565,500원",8.65,116,9-10-14-25-27-31
675,2015-11-07,1,8,11,15,18,45,7,"3,514,549,032원",13.9,98,1-8-11-15-18-45
676,2015-11-14,1,8,17,34,39,45,27,"1,879,726,500원",16.33,144,1-8-17-34-39-45
677,2015-11-21,12,15,24,36,41,44,42,"1,921,114,407원",12.43,172,12-15-24-36-41-44
678,2015-11-28,4,5,6,12,25,37,45,"2,288,490,188원",12.21,89,4-5-6-12-25-37
679,2015-12-05,3,5,7,14,26,34,35,"2,863,005,600원",11.48,89,3-5-7-14-26-34
680,2015-12-12,4,10,19,29,32,42,30,"1,110,570,563원",13.06,136,4-10-19-29-32-42
681,2015-12-19,21,24,27,29,43,44,7,"2,696,328,938원",8.96,188,21-24-27-29-43-44
682,2015-12-26,17,23,27,35,38,43,2,"4,063,713,563원",8.98,183,17-23-27-35-38-43
683,2016-01-02,6,13,20,27,28,40,15,"1,010,930,883원",10.99,134,6-13-20-27-28-40
684,2016-01-09,1,11,15,17,25,39,40,"1,688,815,709원",11.82,108,1-11-15-17-25-39
685,2016-01-16,6,7,12,28,38,40,18,"1,494,367,671원",14.12,131,6-7-12-28-38-40
686,2016-01-23,7,12,15,24,25,43,13,"1,937,531,719원",11.7,126,7-12-15-24-25-43
687,2016-01-30,1,8,10,13,28,42,45,"2,720,029,313원",13.83,102,1-8-10-13-28-42
688,2016-02-06,5,15,22,23,34,35,2,"1,967,536,750원",10.42,134,5-15-22-23-34-35
689,2016-02-13,7,17,19,30,36,38,34,"2,321,775,911원",11.09,147,7-17-19-30-36-38
690,2016-02-20,24,25,33,34,38,39,43,"1,126,507,625원",5.81,193,24-25-33-34-38-39
691,2016-02-27,15,27,33,35,43,45,16,"2,839,296,750원",10.07,198,15-27-33-35-43-45
692,2016-03-05,3,11,14,15,32,36,44,"2,301,273,697원",11.67,111,3-11-14-15-32-36
693,2016-03-12,1,6,11,28,34,42,30,"1,642,763,813원",15.17,122,1-6-11-28-34-42
694,2016-03-19,7,15,20,25,33,43,12,"1,555,036,388원",11.75,143,7-15-20-25-33-43
695,2016-03-26,4,18,26,33,34,38,14,"1,450,214,830원",11.57,153,4-18-26-33-34-38
696,2016-04-02,1,7,16,18,34,38,21,"1,632,054,413원",13.32,114,1-7-16-18-34-38
697,2016-04-09,2,5,8,11,33,39,31,"1,531,443,038원",14.28,98,2-5-8-11-33-39
698,2016-04-16,3,11,13,21,33,37,18,"1,921,084,125원",12.09,118,3-11-13-21-33-37
699,2016-04-23,4,5,8,16,21,29,3,"1,995,411,375원",9.08,83,4-5-8-16-21-29
700,2016-04-30,11,23,28,29,30,44,13,"2,082,099,188원",9.78,165,11-23-28-29-30-44
701,2016-05-07,3,10,14,16,36,38,35,"1,583,183,175원",13.04,117,3-10-14-16-36-38
702,2016-05-14,3,13,16,24,26,29,9,"1,465,091,387원",8.88,111,3-13-16-24-26-29
703,2016-05-21,10,28,31,33,41,44,21,"3,235,784,100원",10.98,187,10-28-31-33-41-44
704,2016-05-28,1,4,8,23,33,42,45,"3,865,190,344원",15.33,111,1-4-8-23-33-42
705,2016-06-04,1,6,17,22,28,45,23,"3,987,206,532원",14.48,119,1-6-17-22-28-45
706,2016-06-11,3,4,6,10,28,30,37,"3,831,746,063원",11.19,81,3-4-6-10-28-30
707,2016-06-18,2,12,19,24,39,44,35,"1,322,167,313원",14.58,140,2-12-19-24-39-44
708,2016-06-25,2,10,16,19,34,45,1,"4,099,552,219원",14.47,126,2-10-16-19-34-45
709,2016-07-02,10,18,30,36,39,44,32,"1,165,271,625원",11.94,177,10-18-30-36-39-44
710,2016-07-09,3,4,9,24,25,33,10,"2,895,441,150원",11.51,98,3-4-9-24-25-33
711,2016-07-16,11,15,24,35,37,45,42,"2,277,413,358원",12.2,167,11-15-24-35-37-45
712,2016-07-23,17,20,30,31,33,45,19,"4,034,485,125원",9.14,176,17-20-30-31-33-45
713,2016-07-30,2,5,15,18,19,23,44,"1,714,720,917원",7.61,82,2-5-15-18-19-23
714,2016-08-06,1,7,22,33,37,40,20,"2,085,131,733원",14.86,140,1-7-22-33-37-40
715,2016-08-13,2,7,27,33,41,44,10,"2,605,510,438원",16,154,2-7-27-33-41-44
716,2016-08-20,2,6,13,16,29,30,21,"1,358,752,157원",10.57,96,2-6-13-16-29-30
717,2016-08-27,2,11,19,25,28,32,44,"2,702,433,688원",10.31,117,2-11-19-25-28-32
718,2016-09-03,4,11,20,23,32,39,40,"926,166,464원",11.81,129,4-11-20-23-32-39
719,2016-09-10,4,8,13,19,20,43,26,"1,879,581,334원",12.59,107,4-8-13-19-20-43
720,2016-09-17,1,12,29,34,36,37,41,"1,233,770,358원",13.58,149,1-12-29-34-36-37
721,2016-09-24,1,28,35,41,43,44,31,"2,273,767,360원",14.9,192,1-28-35-41-43-44
722,2016-10-01,12,14,21,30,39,43,45,"4,365,422,719원",11.81,159,12-14-21-30-39-43
723,2016-10-08,20,30,33,35,36,44,22,"2,114,365,360원",7.21,198,20-30-33-35-36-44
724,2016-10-15,2,8,33,35,37,41,14,"1,427,789,813원",15.14,156,2-8-33-35-37-41
725,2016-10-22,6,7,19,21,41,43,38,"1,579,217,250원",14.66,137,6-7-19-21-41-43
726,2016-10-29,1,11,21,23,34,44,24,"1,166,872,634원",14.09,134,1-11-21-23-34-44
727,2016-11-05,7,8,10,19,21,31,20,"1,115,107,742원",8.56,96,7-8-10-19-21-31
728,2016-11-12,3,6,10,30,34,37,36,"3,243,464,400원",13.96,120,3-6-10-30-34-37
729,2016-11-19,11,17,21,26,36,45,16,"4,198,250,719원",11.49,156,11-17-21-26-36-45
730,2016-11-26,4,10,14,15,18,22,39,"2,017,382,110원",5.73,83,4-10-14-15-18-22
731,2016-12-03,2,7,13,25,42,45,39,"2,340,471,054원",16.55,134,2-7-13-25-42-45
732,2016-12-10,2,4,5,17,27,32,43,"2,203,270,608원",11.73,87,2-4-5-17-27-32
733,2016-12-17,11,24,32,33,35,40,13,"4,016,725,125원",9.41,175,11-24-32-33-35-40
734,2016-12-24,6,16,37,38,41,45,18,"1,949,395,500원",14.31,183,6-16-37-38-41-45
735,2016-12-31,5,10,13,27,37,41,4,"1,847,231,588원",13.69,133,5-10-13-27-37-41
736,2017-01-07,2,11,17,18,21,27,6,"3,397,362,225원",7.87,96,2-11-17-18-21-27
737,2017-01-14,13,15,18,24,27,41,11,"4,283,061,000원",9.4,138,13-15-18-24-27-41
738,2017-01-21,23,27,28,38,42,43,36,"1,634,191,091원",7.8,201,23-27-28-38-42-43
739,2017-01-28,7,22,29,33,34,35,30,"4,744,122,282원",9.81,160,7-22-29-33-34-35
740,2017-02-04,4,8,9,16,17,19,31,"936,929,792원",5.46,73,4-8-9-16-17-19
741,2017-02-11,5,21,27,34,44,45,16,"3,043,595,938원",13.84,176,5-21-27-34-44-45
742,2017-02-18,8,10,13,36,37,40,6,"1,111,814,813원",13.8,144,8-10-13-36-37-40
743,2017-02-25,15,19,21,34,41,44,10,"2,608,641,000원",11.21,174,15-19-21-34-41-44
744,2017-03-04,10,15,18,21,34,41,43,"1,155,411,575원",10.85,139,10-15-18-21-34-41
745,2017-03-11,1,2,3,9,12,23,10,"746,822,982원",7.65,50,1-2-3-9-12-23
746,2017-03-18,3,12,33,36,42,45,25,"2,038,623,709원",15.56,171,3-12-33-36-42-45
747,2017-03-25,7,9,12,14,23,28,17,"1,903,214,584원",7.54,93,7-9-12-14-23-28
748,2017-04-01,3,10,13,22,31,32,29,"1,928,246,542원",10.75,111,3-10-13-22-31-32
749,2017-04-08,12,14,24,26,34,45,41,"1,350,104,395원",11.32,155,12-14-24-26-34-45
750,2017-04-15,1,2,15,19,24,36,12,"2,522,104,286원",12.21,97,1-2-15-19-24-36
751,2017-04-22,3,4,16,20,28,44,17,"2,097,968,110원",14.12,115,3-4-16-20-28-44
752,2017-04-29,4,16,20,33,40,43,7,"1,870,358,834원",13.87,156,4-16-20-33-40-43
753,2017-05-06,2,17,19,24,37,41,3,"2,711,105,063원",13,140,2-17-19-24-37-41
754,2017-05-13,2,8,17,24,29,31,32,"3,427,542,000원",10.66,111,2-8-17-24-29-31
755,2017-05-20,13,14,26,28,30,36,37,"2,214,427,266원",8.36,147,13-14-26-28-30-36
756,2017-05-27,10,14,16,18,27,28,4,"3,414,434,700원",6.59,113,10-14-16-18-27-28
757,2017-06-03,6,7,11,17,33,44,1,"739,839,858원",14.14,118,6-7-11-17-33-44
758,2017-06-10,5,9,12,30,39,43,24,"2,078,969,954원",14.98,138,5-9-12-30-39-43
759,2017-06-17,9,33,36,40,42,43,32,"3,032,670,500원",11.62,203,9-33-36-40-42-43
760,2017-06-24,10,22,27,31,42,43,12,"2,253,299,391원",11.42,175,10-22-27-31-42-43
761,2017-07-01,4,7,11,24,42,45,30,"2,392,730,518원",16.34,133,4-7-11-24-42-45
762,2017-07-08,1,3,12,21,26,41,16,"1,631,432,063원",13.84,104,1-3-12-21-26-41
763,2017-07-15,3,8,16,32,34,43,10,"2,138,130,000원",14.58,136,3-8-16-32-34-43
764,2017-07-22,7,22,24,31,34,36,15,"2,459,975,465원",9.74,154,7-22-24-31-34-36
765,2017-07-29,1,3,8,12,42,43,33,"1,109,214,250원",17.56,109,1-3-8-12-42-43
766,2017-08-05,9,30,34,35,39,41,21,"2,173,637,297원",10.59,188,9-30-34-35-39-41
767,2017-08-12,5,15,20,31,34,42,22,"1,163,768,725원",12.45,147,5-15-20-31-34-42
768,2017-08-19,7,27,29,30,38,44,4,"1,363,572,260원",11.51,175,7-27-29-30-38-44
769,2017-08-26,5,7,11,16,41,45,4,"1,930,760,042원",16.09,125,5-7-11-16-41-45
770,2017-09-02,1,9,12,23,39,43,34,"2,163,099,329원",15.47,127,1-9-12-23-39-43
771,2017-09-09,6,10,17,18,21,29,30,"4,362,644,907원",7.43,101,6-10-17-18-21-29
772,2017-09-16,5,6,11,14,21,41,32,"1,769,608,838원",12.24,98,5-6-11-14-21-41
773,2017-09-23,8,12,19,21,31,35,44,"1,609,403,080원",9.57,126,8-12-19-21-31-35
774,2017-09-30,12,15,18,28,34,42,9,"1,709,721,512원",10.78,149,12-15-18-28-34-42
775,2017-10-07,11,12,29,33,38,42,17,"3,470,437,650원",12.01,165,11-12-29-33-38-42
776,2017-10-14,8,9,18,21,28,40,20,"2,557,579,393원",11.04,124,8-9-18-21-28-40
777,2017-10-21,6,12,17,21,34,37,18,"833,468,036원",11.16,127,6-12-17-21-34-37
778,2017-10-28,6,21,35,36,37,41,11,"6,264,069,500원",12.15,176,6-21-35-36-37-41
779,2017-11-04,6,12,19,24,34,41,4,"1,527,709,296원",12.05,136,6-12-19-24-34-41
780,2017-11-11,15,17,19,21,27,45,16,"1,667,520,137원",10.12,144,15-17-19-21-27-45
781,2017-11-18,11,16,18,19,24,39,43,"1,882,891,542원",8.86,127,11-16-18-19-24-39
782,2017-11-25,6,18,31,34,38,45,20,"1,946,487,625원",13.01,172,6-18-31-34-38-45
783,2017-12-02,14,15,16,17,38,45,36,"4,603,964,625원",12.46,145,14-15-16-17-38-45
784,2017-12-09,3,10,23,24,31,39,22,"1,908,678,000원",12.11,130,3-10-23-24-31-39
785,2017-12-16,4,6,15,25,26,33,40,"2,886,622,688원",10.7,109,4-6-15-25-26-33
786,2017-12-23,12,15,16,20,24,30,38,"4,551,365,250원",6.05,117,12-15-16-20-24-30
787,2017-12-30,5,6,13,16,27,28,9,"3,092,108,313원",9.08,95,5-6-13-16-27-28
788,2018-01-06,2,10,11,19,35,39,29,"1,401,475,154원",13.47,116,2-10-11-19-35-39
789,2018-01-13,2,6,7,12,19,45,38,"1,140,976,825원",14.37,91,2-6-7-12-19-45
790,2018-01-20,3,8,19,27,30,41,12,"1,160,516,274원",13,128,3-8-19-27-30-41
791,2018-01-27,2,10,12,31,33,42,32,"1,253,081,893원",14.41,130,2-10-12-31-33-42
792,2018-02-03,2,7,19,25,29,36,16,"2,655,736,768원",11.94,118,2-7-19-25-29-36
793,2018-02-10,10,15,21,35,38,43,31,"3,750,146,775원",12.32,162,10-15-21-35-38-43
794,2018-02-17,6,7,18,19,30,38,13,"2,650,940,304원",11.5,118,6-7-18-19-30-38
795,2018-02-24,3,10,13,26,34,38,36,"1,714,977,000원",12.85,124,3-10-13-26-34-38
796,2018-03-03,1,21,26,36,40,41,5,"2,763,490,340원",13.89,165,1-21-26-36-40-41
797,2018-03-10,5,22,31,32,39,45,36,"2,397,028,125원",12.87,174,5-22-31-32-39-45
798,2018-03-17,2,10,14,22,32,36,41,"2,710,791,911원",11.98,116,2-10-14-22-32-36
799,2018-03-24,12,17,23,34,42,45,33,"1,826,427,225원",12.37,173,12-17-23-34-42-45
800,2018-03-31,1,4,10,12,28,45,26,"1,632,246,205원",15.29,100,1-4-10-12-28-45
801,2018-04-07,17,25,28,37,43,44,2,"2,256,786,657원",9.83,194,17-25-28-37-43-44
802,2018-04-14,10,11,12,18,24,42,27,"1,082,947,993원",11.16,117,10-11-12-18-24-42
803,2018-04-21,5,9,14,26,30,43,2,"3,663,810,225원",13.16,127,5-9-14-26-30-43
804,2018-04-28,1,10,13,26,32,36,9,"1,631,996,523원",12.55,118,1-10-13-26-32-36
805,2018-05-05,3,12,13,18,31,32,42,"4,266,061,969원",10.41,109,3-12-13-18-31-32
806,2018-05-12,14,20,23,31,37,38,27,"2,640,760,875원",8.86,163,14-20-23-31-37-38
807,2018-05-19,6,10,18,25,34,35,33,"2,437,662,322원",11.07,128,6-10-18-25-34-35
808,2018-05-26,15,21,31,32,41,43,24,"3,087,620,500원",10,183,15-21-31-32-41-43
809,2018-06-02,6,11,15,17,23,40,39,"2,921,372,750원",10.87,112,6-11-15-17-23-40
810,2018-06-09,5,10,13,21,39,43,11,"2,231,598,047원",14.4,131,5-10-13-21-39-43
811,2018-06-16,8,11,19,21,36,45,25,"2,524,148,197원",13.17,140,8-11-19-21-36-45
812,2018-06-23,1,3,12,14,16,43,10,"2,947,954,750원",13.75,89,1-3-12-14-16-43
813,2018-06-30,11,30,34,35,42,44,27,"4,591,763,157원",10.8,196,11-30-34-35-42-44
814,2018-07-07,2,21,28,38,42,45,30,"3,067,192,063원",14.72,176,2-21-28-38-42-45
815,2018-07-14,17,21,25,26,27,36,4,"2,579,855,358원",5.85,152,17-21-25-26-27-36
816,2018-07-21,12,18,19,29,31,39,7,"2,128,107,938원",9.14,148,12-18-19-29-31-39
817,2018-07-28,3,9,12,13,25,43,34,"1,868,477,334원",13.16,105,3-9-12-13-25-43
818,2018-08-04,14,15,25,28,29,30,3,"1,380,804,318원",6.55,141,14-15-25-28-29-30
819,2018-08-11,16,25,33,38,40,45,15,"2,594,534,840원",9.75,197,16-25-33-38-40-45
820,2018-08-18,10,21,22,30,35,42,6,"4,627,313,532원",10.39,160,10-21-22-30-35-42
821,2018-08-25,1,12,13,24,29,44,16,"1,316,155,956원",13.82,123,1-12-13-24-29-44
822,2018-09-01,9,18,20,24,27,36,12,"5,930,898,625원",8.3,134,9-18-20-24-27-36
823,2018-09-08,12,18,24,26,39,40,15,"2,009,843,917원",10.23,159,12-18-24-26-39-40
824,2018-09-15,7,9,24,29,34,38,26,"1,256,646,550원",11.79,141,7-9-24-29-34-38
825,2018-09-22,8,15,21,31,33,38,42,"1,658,710,563원",10.58,146,8-15-21-31-33-38
826,2018-09-29,13,16,24,25,33,36,42,"2,075,192,084원",8.26,147,13-16-24-25-33-36
827,2018-10-06,5,11,12,29,33,44,14,"1,206,500,375원",13.92,134,5-11-12-29-33-44
828,2018-10-13,4,7,13,29,31,39,18,"1,455,185,972원",13.14,123,4-7-13-29-31-39
829,2018-10-20,4,5,31,35,43,45,29,"2,444,650,641원",16.7,163,4-5-31-35-43-45
830,2018-10-27,5,6,16,18,37,38,17,"2,060,528,750원",13.25,120,5-6-16-18-37-38
831,2018-11-03,3,10,16,19,31,39,9,"1,110,702,258원",12.16,118,3-10-16-19-31-39
832,2018-11-10,13,14,19,26,40,43,30,"2,088,204,584원",11.88,155,13-14-19-26-40-43
833,2018-11-17,12,18,30,39,41,42,19,"2,356,317,282원",11.64,182,12-18-30-39-41-42
834,2018-11-24,6,8,18,35,42,43,3,"1,690,693,671원",15.34,152,6-8-18-35-42-43
835,2018-12-01,9,10,13,28,38,45,35,"1,233,681,125원",14.11,143,9-10-13-28-38-45
836,2018-12-08,1,9,11,14,26,28,19,"1,257,843,670원",9.48,89,1-9-11-14-26-28
837,2018-12-15,2,25,28,30,33,45,6,"3,144,449,125원",12.9,163,2-25-28-30-33-45
838,2018-12-22,9,14,17,33,36,38,20,"3,813,733,050원",11.5,147,9-14-17-33-36-38
839,2018-12-29,3,9,11,12,13,19,35,"1,359,454,904원",4.78,67,3-9-11-12-13-19
840,2019-01-05,2,4,11,28,29,43,27,"2,042,961,788원",14.91,117,2-4-11-28-29-43
841,2019-01-12,5,11,14,30,33,38,24,"1,116,095,714원",12.35,131,5-11-14-30-33-38
842,2019-01-19,14,26,32,36,39,42,38,"2,035,475,025원",9.34,189,14-26-32-36-39-42
843,2019-01-26,19,21,30,33,34,42,4,"4,012,970,100원",7.86,179,19-21-30-33-34-42
844,2019-02-02,7,8,13,15,33,45,18,"1,162,963,542원",14.03,121,7-8-13-15-33-45
845,2019-02-09,1,16,29,33,40,45,6,"1,891,217,182원",14.88,164,1-16-29-33-40-45
846,2019-02-16,5,18,30,41,43,45,13,"1,596,884,395원",14.62,182,5-18-30-41-43-45
847,2019-02-23,12,16,26,28,30,42,22,"2,520,846,657원",9.76,154,12-16-26-28-30-42
848,2019-03-02,1,2,16,22,38,39,34,"3,011,580,858원",15.22,118,1-2-16-22-38-39
849,2019-03-09,5,13,17,29,34,39,3,"1,158,252,883원",12.06,137,5-13-17-29-34-39
850,2019-03-16,16,20,24,28,36,39,5,"3,377,587,875원",8.21,163,16-20-24-28-36-39
851,2019-03-23,14,18,22,26,31,44,40,"2,483,692,313원",9.77,155,14-18-22-26-31-44
852,2019-03-30,11,17,28,30,33,35,9,"4,801,543,407원",8.71,154,11-17-28-30-33-35
853,2019-04-06,2,8,23,26,27,44,13,"2,885,006,786원",13.67,130,2-8-23-26-27-44
854,2019-04-13,20,25,31,32,36,43,3,"3,421,706,750원",7.38,187,20-25-31-32-36-43
855,2019-04-20,8,15,17,19,43,44,7,"2,269,510,500원",13.97,146,8-15-17-19-43-44
856,2019-04-27,10,24,40,41,43,44,17,"3,977,927,550원",12.53,202,10-24-40-41-43-44
857,2019-05-04,6,10,16,28,34,38,43,"1,284,915,425원",12.06,132,6-10-16-28-34-38
858,2019-05-11,9,13,32,38,39,43,23,"2,202,347,459원",13.18,174,9-13-32-38-39-43
859,2019-05-18,8,22,35,38,39,41,24,"1,853,927,489원",11.81,183,8-22-35-38-39-41
860,2019-05-25,4,8,18,25,27,32,42,"1,879,899,825원",10.13,114,4-8-18-25-27-32
861,2019-06-01,11,17,19,21,22,25,24,"4,872,108,844원",4.41,115,11-17-19-21-22-25
862,2019-06-08,10,34,38,40,42,43,32,"2,190,922,709원",11.34,207,10-34-38-40-42-43
863,2019-06-15,16,21,28,35,39,43,12,"2,853,357,322원",9.62,182,16-21-28-35-39-43
864,2019-06-22,3,7,10,13,25,36,32,"1,716,553,637원",11.37,94,3-7-10-13-25-36
865,2019-06-29,3,15,22,32,33,45,2,"1,551,729,145원",13.58,150,3-15-22-32-33-45
866,2019-07-06,9,15,29,34,37,39,12,"2,240,409,000원",11.29,163,9-15-29-34-37-39
867,2019-07-13,14,17,19,22,24,40,41,"3,933,755,250원",8.4,136,14-17-19-22-24-40
868,2019-07-20,12,17,28,41,43,44,25,"3,233,804,250원",12.77,185,12-17-28-41-43-44
869,2019-07-27,2,6,20,27,37,39,4,"1,922,582,588원",14.14,131,2-6-20-27-37-39
870,2019-08-03,21,25,30,32,40,42,31,"1,928,842,988원",7.5,190,21-25-30-32-40-42
871,2019-08-10,2,6,12,26,30,34,38,"2,718,071,358원",12.24,110,2-6-12-26-30-34
872,2019-08-17,2,4,30,32,33,43,29,"1,262,705,579원",15.42,144,2-4-30-32-33-43
873,2019-08-24,3,5,12,13,33,39,38,"1,874,553,225원",13.66,105,3-5-12-13-33-39
874,2019-08-31,1,15,19,23,28,42,32,"1,117,123,917원",12.47,128,1-15-19-23-28-42
875,2019-09-07,19,22,30,34,39,44,36,"1,415,946,724원",8.83,188,19-22-30-34-39-44
876,2019-09-14,5,16,21,26,34,42,24,"1,090,657,856원",11.99,144,5-16-21-26-34-42
877,2019-09-21,5,17,18,22,23,43,12,"1,716,607,188원",11.32,128,5-17-18-22-23-43
878,2019-09-28,2,6,11,16,25,31,3,"3,207,993,500원",10.19,91,2-6-11-16-25-31
879,2019-10-05,1,4,10,14,15,35,20,"3,206,361,313원",10.98,79,1-4-10-14-15-35
880,2019-10-12,7,17,19,23,24,45,38,"2,837,810,465원",11.49,135,7-17-19-23-24-45
881,2019-10-19,4,18,20,26,27,32,9,"2,503,212,282원",8.95,127,4-18-20-26-27-32
882,2019-10-26,18,34,39,43,44,45,23,"4,127,270,400원",9.33,223,18-34-39-43-44-45
883,2019-11-02,9,18,32,33,37,44,22,"1,360,519,525원",11.8,173,9-18-32-33-37-44
884,2019-11-09,4,14,23,28,37,45,17,"1,799,077,282원",13.66,151,4-14-23-28-37-45
885,2019-11-16,1,3,24,27,39,45,31,"1,543,832,568원",16.54,139,1-3-24-27-39-45
886,2019-11-23,19,23,28,37,42,45,2,"2,974,643,786원",9.66,194,19-23-28-37-42-45
887,2019-11-30,8,14,17,27,36,45,10,"2,535,268,688원",12.89,147,8-14-17-27-36-45
888,2019-12-07,3,7,12,31,34,38,32,"2,370,359,204원",13.9,125,3-7-12-31-34-38
889,2019-12-14,3,13,29,38,39,42,26,"2,108,986,950원",14.52,164,3-13-29-38-39-42
890,2019-12-21,1,4,14,18,29,37,6,"2,335,486,167원",12.77,103,1-4-14-18-29-37
891,2019-12-28,9,13,28,31,39,41,19,"3,082,673,947원",12.09,161,9-13-28-31-39-41
892,2020-01-04,4,9,17,18,26,42,36,"1,282,017,464원",12.3,116,4-9-17-18-26-42
893,2020-01-11,1,15,17,23,25,41,10,"2,377,433,625원",12.04,122,1-15-17-23-25-41
894,2020-01-18,19,32,37,40,41,43,45,"2,377,935,959원",8.1,212,19-32-37-40-41-43
895,2020-01-25,16,26,31,38,39,41,23,"1,928,079,219원",8.74,191,16-26-31-38-39-41
896,2020-02-01,5,12,25,26,38,45,23,"3,053,222,036원",13.78,151,5-12-25-26-38-45
897,2020-02-08,6,7,12,22,26,36,29,"1,619,922,520원",10.84,109,6-7-12-22-26-36
898,2020-02-15,18,21,28,35,37,42,17,"2,639,313,235원",8.63,181,18-21-28-35-37-42
899,2020-02-22,8,19,20,21,33,39,37,"3,359,356,063원",10.08,140,8-19-20-21-33-39
900,2020-02-29,7,13,16,18,35,38,14,"3,349,851,375원",11.39,127,7-13-16-18-35-38
901,2020-03-07,5,18,20,23,30,34,21,"2,267,974,667원",9.29,130,5-18-20-23-30-34
902,2020-03-14,7,19,23,24,36,39,30,"1,619,317,529원",10.66,148,7-19-23-24-36-39
903,2020-03-21,2,15,16,21,22,28,45,"1,684,582,212원",8.08,104,2-15-16-21-22-28
904,2020-03-28,2,6,8,26,43,45,11,"2,718,077,813원",17.5,130,2-6-8-26-43-45
905,2020-04-04,3,4,16,27,38,40,20,"3,017,862,536원",14.85,128,3-4-16-27-38-40
906,2020-04-11,2,5,14,28,31,32,20,"2,472,607,250원",12.27,112,2-5-14-28-31-32
907,2020-04-18,21,27,29,38,40,44,37,"3,165,059,036원",8.07,199,21-27-29-38-40-44
908,2020-04-25,3,16,21,22,23,44,30,"2,834,856,141원",12.12,129,3-16-21-22-23-44
909,2020-05-02,7,24,29,30,34,35,33,"2,021,062,875원",9.43,159,7-24-29-30-34-35
910,2020-05-09,1,11,17,27,35,39,31,"941,316,375원",13.35,130,1-11-17-27-35-39
911,2020-05-16,4,5,12,14,32,42,35,"2,113,538,625원",14.08,109,4-5-12-14-32-42
912,2020-05-23,5,8,18,21,22,38,10,"1,493,500,581원",10.73,112,5-8-18-21-22-38
913,2020-05-30,6,14,16,21,27,37,40,"1,338,755,602원",9.89,121,6-14-16-21-27-37
914,2020-06-06,16,19,24,33,42,44,27,"1,950,005,557원",10.81,178,16-19-24-33-42-44
915,2020-06-13,2,6,11,13,22,37,14,"3,518,640,500원",11.57,91,2-6-11-13-22-37
916,2020-06-20,6,21,22,32,35,36,17,"2,025,384,341원",10.45,152,6-21-22-32-35-36
917,2020-06-27,1,3,23,24,27,43,34,"2,144,799,638원",14.45,121,1-3-23-24-27-43
918,2020-07-04,7,11,12,31,33,38,5,"1,117,622,646원",12.27,132,7-11-12-31-33-38
919,2020-07-11,9,14,17,18,42,44,35,"4,305,150,450원",13.75,144,9-14-17-18-42-44
920,2020-07-18,2,3,26,33,34,43,29,"3,120,260,197원",15.65,141,2-3-26-33-34-43
921,2020-07-25,5,7,12,22,28,41,1,"1,232,573,405원",12.67,115,5-7-12-22-28-41
922,2020-08-01,2,6,13,17,27,43,36,"3,417,904,500원",13.74,108,2-6-13-17-27-43
923,2020-08-08,3,17,18,23,36,41,26,"2,667,554,625원",12.61,138,3-17-18-23-36-41
924,2020-08-15,3,11,34,42,43,44,13,"2,382,430,667원",16.4,177,3-11-34-42-43-44
925,2020-08-22,13,24,32,34,39,42,4,"1,771,080,532원",9.72,184,13-24-32-34-39-42
926,2020-08-29,10,16,18,20,25,31,6,"2,032,490,663원",6.66,120,10-16-18-20-25-31
927,2020-09-05,4,15,22,38,41,43,26,"3,714,203,875원",14.55,163,4-15-22-38-41-43
928,2020-09-12,3,4,10,20,28,44,30,"3,134,591,358원",14.52,109,3-4-10-20-28-44
929,2020-09-19,7,9,12,15,19,23,4,"1,308,035,157원",5.55,85,7-9-12-15-19-23
930,2020-09-26,8,21,25,38,39,44,28,"2,832,418,829원",12.43,175,8-21-25-38-39-44
931,2020-10-03,14,15,23,25,35,43,32,"2,957,108,063원",10.37,155,14-15-23-25-35-43
932,2020-10-10,1,6,15,36,37,38,5,"3,390,022,983원",15.4,133,1-6-15-36-37-38
933,2020-10-17,23,27,29,31,36,45,37,"2,927,797,079원",7.08,191,23-27-29-31-36-45
934,2020-10-24,1,3,30,33,36,39,12,"5,765,772,844원",15.57,142,1-3-30-33-36-39
935,2020-10-31,4,10,20,32,38,44,18,"1,711,055,424원",14.54,148,4-10-20-32-38-44
936,2020-11-07,7,11,13,17,18,29,43,"1,492,069,179원",6.94,95,7-11-13-17-18-29
937,2020-11-14,2,10,13,22,29,40,26,"2,058,420,819원",12.62,116,2-10-13-22-29-40
938,2020-11-21,4,8,10,16,31,36,9,"2,249,466,563원",11.94,105,4-8-10-16-31-36
939,2020-11-28,4,11,28,39,42,45,6,"1,708,363,039원",15.66,169,4-11-28-39-42-45
940,12/5/2020,3,15,20,22,24,41,11,"2,846,071,079원",11.33,125,3-15-20-22-24-41
941,12/12/2020,12,14,25,27,39,40,35,"1,347,297,422원",10.85,157,12-14-25-27-39-40
942,12/19/2020,10,12,18,35,42,43,39,"3,761,680,313원",13.78,160,10-12-18-35-42-43
943,12/26/2020,1,8,13,36,44,45,39,"3,435,045,108원",17.75,147,1-8-13-36-44-45
944,1/2/2021,2,13,16,19,32,33,42,"1,961,836,356원",10.79,115,2-13-16-19-32-33
945,1/9/2021,9,10,15,30,33,37,26,"1,765,554,491원",11.34,134,9-10-15-30-33-37
946,1/16/2021,9,18,19,30,34,40,20,"2,157,656,182원",10.58,150,9-18-19-30-34-40
947,1/23/2021,3,8,17,20,27,35,26,"1,275,855,750원",10.8,110,3-8-17-20-27-35
948,1/30/2021,13,18,30,31,38,41,5,"2,188,548,716원",10.05,171,13-18-30-31-38-41
949,2/6/2021,14,21,35,36,40,44,30,"2,458,569,713원",10.62,190,14-21-35-36-40-44
950,2/13/2021,3,4,15,22,28,40,10,"3,281,920,500원",13.09,112,3-4-15-22-28-40
951,2/20/2021,2,12,30,31,39,43,38,"1,747,552,661원",14.55,157,2-12-30-31-39-43
952,2/27/2021,4,12,22,24,33,41,38,"2,713,699,834원",12.3,136,4-12-22-24-33-41
953,3/6/2021,7,9,22,27,37,42,34,"1,640,636,009원",13.04,144,7-9-22-27-37-42
954,3/13/2021,1,9,26,28,30,41,32,"2,478,795,900원",13.45,135,1-9-26-28-30-41
955,3/20/2021,4,9,23,26,29,33,8,"2,023,170,188원",10.56,124,4-9-23-26-29-33
956,3/27/2021,10,11,20,21,25,41,40,"2,022,982,671원",10.31,128,10-11-20-21-25-41
957,4/3/2021,4,15,24,35,36,40,1,"2,126,634,137원",12.81,154,4-15-24-35-36-40
958,4/10/2021,2,9,10,16,35,37,1,"1,596,119,675원",13.26,109,2-9-10-16-35-37
959,4/17/2021,1,14,15,24,40,41,35,"3,015,312,891원",14.38,135,1-14-15-24-40-41
960,4/24/2021,2,18,24,30,32,45,14,"2,401,133,213원",13.25,151,2-18-24-30-32-45
961,5/1/2021,11,20,29,31,33,42,43,"2,575,231,209원",9.86,166,11-20-29-31-33-42
962,5/8/2021,1,18,28,31,34,43,40,"1,940,906,094원",13.36,155,1-18-28-31-34-43
963,5/15/2021,6,12,19,23,34,42,35,"1,476,478,125원",12.3,136,6-12-19-23-34-42
964,5/22/2021,6,21,36,38,39,43,30,"2,345,861,063원",12.95,183,6-21-36-38-39-43
965,5/29/2021,2,13,25,28,29,36,34,"3,403,348,929원",11.33,133,2-13-25-28-29-36
966,6/5/2021,1,21,25,29,34,37,36,"2,411,303,513원",11.77,147,1-21-25-29-34-37
967,6/12/2021,1,6,13,37,38,40,9,"5,809,776,094원",16.24,135,1-6-13-37-38-40
968,6/19/2021,2,5,12,14,24,39,33,"1,667,729,683원",12.45,96,2-5-12-14-24-39
969,6/26/2021,3,9,10,29,40,45,7,"1,149,427,894원",16.19,136,3-9-10-29-40-45
970,7/3/2021,9,11,16,21,28,36,5,"1,611,544,045원",9.48,121,9-11-16-21-28-36
971,7/10/2021,2,6,17,18,21,26,7,"3,725,880,250원",8.37,90,2-6-17-18-21-26
972,7/17/2021,3,6,17,23,37,39,26,"1,124,886,244원",13.84,125,3-6-17-23-37-39
973,7/24/2021,22,26,31,37,41,42,24,"2,912,742,750원",7.47,199,22-26-31-37-41-42
974,7/31/2021,1,2,11,16,39,44,32,"1,317,034,523원",16.89,113,1-2-11-16-39-44
975,8/7/2021,7,8,9,17,22,24,5,"2,440,410,375원",6.85,87,7-8-9-17-22-24
976,8/14/2021,4,12,14,25,35,37,2,"3,243,867,215원",12.16,127,4-12-14-25-35-37
977,8/21/2021,2,9,10,14,22,44,16,"1,669,905,911원",13.55,101,2-9-10-14-22-44
978,8/28/2021,1,7,15,32,34,42,8,"2,373,391,388원",15.05,131,1-7-15-32-34-42
979,9/4/2021,7,11,16,21,27,33,24,"1,606,400,518원",8.95,115,7-11-16-21-27-33
980,9/11/2021,3,13,16,23,24,35,14,"3,409,443,215원",9.98,114,3-13-16-23-24-35
981,9/18/2021,27,36,37,41,43,45,32,"1,992,863,193원",5.9,229,27-36-37-41-43-45
982,9/25/2021,5,7,13,20,21,44,33,"3,023,630,672원",12.93,110,5-7-13-20-21-44
983,10/2/2021,13,23,26,31,35,43,15,"2,503,422,225원",9.45,171,13-23-26-31-35-43
984,10/9/2021,3,10,23,35,36,37,18,"3,453,006,268원",13.37,144,3-10-23-35-36-37
985,10/16/2021,17,21,23,30,34,44,19,"2,434,752,975원",9.04,169,17-21-23-30-34-44
986,10/23/2021,7,10,16,28,41,42,40,"2,375,275,125원",14.01,144,7-10-16-28-41-42
987,10/30/2021,2,4,15,23,29,38,7,"2,378,711,625원",12.95,111,2-4-15-23-29-38
988,11/6/2021,2,13,20,30,31,41,27,"2,678,489,375원",12.82,137,2-13-20-30-31-41
989,11/13/2021,17,18,21,27,29,33,26,"5,826,768,563원",5.9,145,17-18-21-27-29-33
990,11/20/2021,2,4,25,26,36,37,28,"1,740,095,277원",13.96,130,2-4-25-26-36-37
991,11/27/2021,13,18,25,31,33,44,38,"2,904,166,032원",10.18,164,13-18-25-31-33-44
992,12/4/2021,12,20,26,33,44,45,24,"1,986,955,563원",12.04,180,12-20-26-33-44-45
993,12/11/2021,6,14,16,18,24,42,44,"3,991,197,063원",11.2,120,6-14-16-18-24-42
994,12/18/2021,1,3,8,24,27,35,28,"1,861,582,063원",12.93,98,1-3-8-24-27-35
995,12/25/2021,1,4,13,29,38,39,7,"3,447,271,875원",15.43,124,1-4-13-29-38-39
996,1/1/2022,6,11,15,24,32,39,28,"1,491,185,771원",11.65,127,6-11-15-24-32-39
997,1/8/2022,4,7,14,16,24,44,20,"1,253,749,560원",13.22,109,4-7-14-16-24-44
998,1/15/2022,13,17,18,20,42,45,41,"2,076,499,657원",12.69,155,13-17-18-20-42-45
999,1/22/2022,1,3,9,14,18,28,34,"1,513,274,790원",9.19,73,1-3-9-14-18-28
1000,1/29/2022,2,8,19,22,32,42,39,"1,246,819,620원",13.52,125,2-8-19-22-32-42
1001,2/5/2022,6,10,12,14,20,42,15,"2,077,279,594원",11.81,104,6-10-12-14-20-42
1002,2/12/2022,17,25,33,35,38,45,15,"3,088,449,563원",9.03,193,17-25-33-35-38-45
1003,2/19/2022,1,4,29,39,43,45,31,"1,811,116,822원",17.95,161,1-4-29-39-43-45
1004,2/26/2022,7,15,30,37,39,44,18,"2,576,251,913원",13.35,172,7-15-30-37-39-44
1005,3/5/2022,8,13,18,24,27,29,17,"2,061,199,344원",7.56,119,8-13-18-24-27-29
1006,3/12/2022,8,11,15,16,17,37,36,"2,855,602,125원",9.32,104,8-11-15-16-17-37
1007,3/19/2022,8,11,16,19,21,25,40,"2,718,786,375원",5.79,100,8-11-16-19-21-25
1008,3/26/2022,9,11,30,31,41,44,33,"2,267,377,910원",13.46,166,9-11-30-31-41-44
1009,4/2/2022,15,23,29,34,40,44,20,"1,702,462,825원",9.86,185,15-23-29-34-40-44
1010,4/9/2022,9,12,15,25,34,36,3,"3,119,380,079원",10.54,131,9-12-15-25-34-36
1011,4/16/2022,1,9,12,26,35,38,42,"2,220,348,512원",13.73,121,1-9-12-26-35-38
1012,4/23/2022,5,11,18,20,35,45,3,"1,861,944,318원",13.71,134,5-11-18-20-35-45
1013,4/30/2022,21,22,26,34,36,41,32,"5,047,570,725원",7.46,180,21-22-26-34-36-41
1014,5/7/2022,3,11,14,18,26,27,21,"2,410,449,338원",8.38,99,3-11-14-18-26-27
1015,5/14/2022,14,23,31,33,37,40,44,"3,051,105,610원",8.79,178,14-23-31-33-37-40
1016,5/21/2022,15,26,28,34,41,42,44,"2,260,660,671원",9.31,186,15-26-28-34-41-42
1017,5/28/2022,12,18,22,23,30,34,32,"3,517,684,822원",7.27,139,12-18-22-23-30-34
1018,6/4/2022,3,19,21,25,37,45,35,"12,361,744,688원",13.42,150,3-19-21-25-37-45
1019,6/11/2022,1,4,13,17,34,39,6,"438,565,140원",14.19,108,1-4-13-17-34-39
1020,6/18/2022,12,27,29,38,41,45,6,"1,966,431,520원",10.95,192,12-27-29-38-41-45
1021,6/25/2022,12,15,17,24,29,45,16,"2,108,962,250원",11.1,142,12-15-17-24-29-45
1022,7/2/2022,5,6,11,29,42,45,28,"4,866,468,075원",16.52,138,5-6-11-29-42-45
1023,7/9/2022,10,14,16,18,29,35,25,"2,745,677,875원",8.77,122,10-14-16-18-29-35
1024,7/16/2022,9,18,20,22,38,44,10,"3,020,323,500원",12.03,151,9-18-20-22-38-44
1025,7/23/2022,8,9,20,25,29,33,7,"6,118,853,344원",9.46,124,8-9-20-25-29-33
1026,7/30/2022,5,12,13,31,32,41,34,"1,619,118,475원",12.98,134,5-12-13-31-32-41
1027,8/6/2022,14,16,27,35,39,45,5,"2,460,504,338원",11.47,176,14-16-27-35-39-45
1028,8/13/2022,5,7,12,13,18,35,23,"1,181,235,132원",9.88,90,5-7-12-13-18-35
1029,8/20/2022,12,30,32,37,39,41,24,"2,527,848,450원",9.65,191,12-30-32-37-39-41
1030,8/27/2022,2,5,11,17,24,29,9,"1,276,406,507원",9.71,88,2-5-11-17-24-29
1031,9/3/2022,6,7,22,32,35,36,19,"3,213,957,563원",12.52,138,6-7-22-32-35-36
1032,9/10/2022,1,6,12,19,36,42,28,"2,675,257,538원",15.05,116,1-6-12-19-36-42
1033,9/17/2022,3,11,15,20,35,44,10,"1,913,414,943원",14.06,128,3-11-15-20-35-44
1034,9/24/2022,26,31,32,33,38,40,11,"2,868,856,209원",4.61,200,26-31-32-33-38-40
1035,10/1/2022,9,14,34,35,41,42,2,"3,231,193,735원",12.9,175,9-14-34-35-41-42
1036,10/8/2022,2,5,22,32,34,45,39,"2,837,323,167원",15.55,140,2-5-22-32-34-45
1037,10/15/2022,2,14,15,22,27,33,31,"1,708,576,825원",9.99,113,2-14-15-22-27-33
1038,10/22/2022,7,16,24,27,37,44,2,"1,627,457,225원",12.32,155,7-16-24-27-37-44
1039,10/29/2022,2,3,6,19,36,39,26,"1,585,019,672원",15.22,105,2-3-6-19-36-39
1040,11/5/2022,8,16,26,29,31,36,11,"3,660,482,625원",9.5,146,8-16-26-29-31-36
1041,11/12/2022,6,7,9,11,17,18,45,"935,091,165원",4.64,68,6-7-9-11-17-18
1042,11/19/2022,5,14,15,23,34,43,4,"1,240,663,669원",12.83,134,5-14-15-23-34-43
1043,11/26/2022,3,5,12,22,26,31,19,"1,468,646,956원",10.53,99,3-5-12-22-26-31
1044,12/3/2022,12,17,20,26,28,36,4,"3,136,941,235원",7.84,139,12-17-20-26-28-36
1045,12/10/2022,6,14,15,19,21,41,37,"1,990,060,443원",10.78,116,6-14-15-19-21-41
1046,12/17/2022,7,16,25,29,35,36,28,"2,011,415,719원",10.34,148,7-16-25-29-35-36
1047,12/24/2022,2,20,33,40,42,44,32,"2,748,797,875원",14.9,181,2-20-33-40-42-44
1048,12/31/2022,6,12,17,21,32,39,30,"1,612,494,508원",11.31,127,6-12-17-21-32-39
1049,1/7/2023,3,5,13,20,21,37,17,"1,727,810,100원",11.4,99,3-5-13-20-21-37
1050,1/14/2023,6,12,31,35,38,43,17,"1,535,083,280원",13.67,165,6-12-31-35-38-43
1051,1/21/2023,21,26,30,32,33,35,44,"1,669,558,480원",4.72,177,21-26-30-32-33-35
1052,1/28/2023,5,17,26,27,35,38,1,"2,341,682,762원",11.09,148,5-17-26-27-35-38
1053,2/4/2023,22,26,29,30,34,45,15,"4,090,367,411원",7.26,186,22-26-29-30-34-45
1054,2/11/2023,14,19,27,28,30,45,33,"3,147,925,709원",9.72,163,14-19-27-28-30-45
1055,2/18/2023,4,7,12,14,22,33,31,"2,362,815,205원",9.72,92,4-7-12-14-22-33
1056,2/25/2023,13,20,24,32,36,45,29,"1,969,662,456원",10.59,170,13-20-24-32-36-45
1057,3/4/2023,8,13,19,27,40,45,12,"1,616,069,714원",13.52,152,8-13-19-27-40-45
1058,3/11/2023,11,23,25,30,32,40,42,"2,058,020,250원",8.93,161,11-23-25-30-32-40
1059,3/18/2023,7,10,22,25,34,40,27,"2,033,168,481원",11.83,138,7-10-22-25-34-40
1060,3/25/2023,3,10,24,33,38,45,36,"898,238,907원",14.95,153,3-10-24-33-38-45
1061,4/1/2023,4,24,27,35,37,45,15,"2,422,768,773원",12.97,172,4-24-27-35-37-45
1062,4/8/2023,20,31,32,40,41,45,12,"3,801,933,804원",8.27,209,20-31-32-40-41-45
1063,4/15/2023,3,6,22,23,24,38,30,"3,770,311,875원",11.8,116,3-6-22-23-24-38
1064,4/22/2023,3,6,9,18,22,35,14,"1,348,168,106원",10.94,93,3-6-9-18-22-35
1065,4/29/2023,3,18,19,23,32,45,24,"1,852,593,938원",12.94,140,3-18-19-23-32-45
1066,5/6/2023,6,11,16,19,21,32,45,"1,670,947,250원",8.18,105,6-11-16-19-21-32
1067,5/13/2023,7,10,19,23,28,33,18,"1,981,114,010원",9.24,120,7-10-19-23-28-33
1068,5/20/2023,4,7,19,26,33,35,3,"1,363,929,514원",11.93,124,4-7-19-26-33-35
1069,5/27/2023,1,10,18,22,28,31,44,"1,863,217,554원",10.31,110,1-10-18-22-28-31
1070,6/3/2023,3,6,14,22,30,41,36,"1,859,116,929원",13.31,116,3-6-14-22-30-41
1071,6/10/2023,1,2,11,21,30,35,39,"5,183,979,750원",13.07,100,1-2-11-21-30-35
1072,6/17/2023,16,18,20,23,32,43,27,"2,175,006,375원",9.41,152,16-18-20-23-32-43
1073,6/24/2023,6,18,28,30,32,38,15,"2,345,227,603원",10.5,152,6-18-28-30-32-38
1074,7/1/2023,1,6,20,27,28,41,15,"2,134,763,657원",13.6,123,1-6-20-27-28-41
1075,7/8/2023,1,23,24,35,44,45,10,"2,896,337,167원",15.06,172,1-23-24-35-44-45
1076,7/15/2023,3,7,9,33,36,37,10,"2,672,689,750원",14.66,125,3-7-9-33-36-37
1077,7/22/2023,4,8,17,30,40,43,34,"3,570,901,018원",15.04,142,4-8-17-30-40-43
1078,7/29/2023,6,10,11,14,36,38,43,"2,141,604,938원",12.84,115,6-10-11-14-36-38
1079,8/5/2023,4,8,18,24,37,45,6,"2,712,329,417원",14.67,136,4-8-18-24-37-45
1080,8/12/2023,13,16,23,31,36,44,38,"3,639,444,429원",10.95,163,13-16-23-31-36-44
1081,8/19/2023,1,9,16,23,24,38,17,"2,343,892,944원",11.79,111,1-9-16-23-24-38
1082,8/26/2023,21,26,27,32,34,42,31,"3,720,489,643원",6.7,182,21-26-27-32-34-42
1083,9/2/2023,3,7,14,15,22,38,17,"1,713,084,525원",11.35,99,3-7-14-15-22-38
1084,9/9/2023,8,12,13,29,33,42,5,"1,738,764,600원",12.54,137,8-12-13-29-33-42
1085,9/16/2023,4,7,17,18,38,44,36,"1,073,277,473원",14.87,128,4-7-17-18-38-44
1086,9/23/2023,11,16,25,27,35,36,37,"1,515,913,809원",9.15,150,11-16-25-27-35-36
1087,9/30/2023,13,14,18,21,34,44,16,"1,732,253,602원",11.3,144,13-14-18-21-34-44
1088,10/7/2023,11,21,22,30,39,44,31,"2,434,697,898원",11.22,167,11-21-22-30-39-44
1089,10/14/2023,4,18,31,37,42,43,40,"2,978,522,167원",14.02,175,4-18-31-37-42-43
1090,10/21/2023,12,19,21,29,40,45,1,"2,386,494,614원",11.69,166,12-19-21-29-40-45
1091,10/28/2023,6,20,23,24,28,30,44,"2,898,470,459원",7.8,131,6-20-23-24-28-30
1092,11/4/2023,7,18,19,26,33,45,37,"1,583,289,844원",12.06,148,7-18-19-26-33-45
1093,11/11/2023,10,17,22,30,35,43,44,"1,967,040,750원",11.1,157,10-17-22-30-35-43
1094,11/18/2023,6,7,15,22,26,40,41,"2,112,854,469원",11.74,116,6-7-15-22-26-40
1095,11/25/2023,8,14,28,29,34,40,12,"2,617,825,575원",11.1,153,8-14-28-29-34-40
1096,12/2/2023,1,12,16,19,23,43,34,"2,539,391,175원",12.74,114,1-12-16-19-23-43
1097,12/9/2023,14,33,34,35,37,40,4,"3,864,293,090원",8.43,193,14-33-34-35-37-40
1098,12/16/2023,12,16,21,24,41,43,15,"1,930,461,895원",11.82,157,12-16-21-24-41-43
1099,12/23/2023,3,20,28,38,40,43,4,"2,959,934,125원",13.88,172,3-20-28-38-40-43
1100,12/30/2023,17,26,29,30,31,43,12,"2,207,575,472원",7.67,176,17-26-29-30-31-43
1101,1/6/2024,6,7,13,28,36,42,41,"2,100,529,500원",14.11,132,6-7-13-28-36-42
1102,1/13/2024,13,14,22,26,37,38,20,"1,383,591,413원",9.9,150,13-14-22-26-37-38
1103,1/20/2024,10,12,29,31,40,44,2,"1,574,419,633원",12.84,166,10-12-29-31-40-44
1104,1/27/2024,1,7,21,30,35,38,2,"1,817,193,100원",13.88,132,1-7-21-30-35-38
1105,2/3/2024,6,16,34,37,39,40,11,"1,834,853,800원",12.96,172,6-16-34-37-39-40
1106,2/10/2024,1,3,4,29,42,45,36,"2,790,462,819원",18.68,124,1-3-4-29-42-45
1107,2/17/2024,6,14,30,31,40,41,29,"2,025,625,233원",12.91,162,6-14-30-31-40-41
1108,2/24/2024,7,19,26,37,39,44,27,"1,957,990,849원",12.79,172,7-19-26-37-39-44
1109,3/2/2024,10,12,13,19,33,40,2,"1,584,352,875원",11.36,127,10-12-13-19-33-40
1110,3/9/2024,3,7,11,20,22,41,24,"1,647,392,719원",12.53,104,3-7-11-20-22-41
1111,3/16/2024,,,,,,,,,,,
1112,3/23/2024,,,,,,,,,,,
1113,3/30/2024,,,,,,,,,,,
1114,4/6/2024,,,,,,,,,,,
1115,4/13/2024,,,,,,,,,,,
1116,4/20/2024,,,,,,,,,,,
1117,4/27/2024,,,,,,,,,,,
1118,5/4/2024,,,,,,,,,,,
1119,5/11/2024,,,,,,,,,,,
1120,5/18/2024,,,,,,,,,,,
1121,5/25/2024,,,,,,,,,,,
1122,6/1/2024,,,,,,,,,,,
1123,6/8/2024,,,,,,,,,,,
1124,6/15/2024,,,,,,,,,,,
1125,6/22/2024,,,,,,,,,,,
1126,6/29/2024,,,,,,,,,,,
1127,7/6/2024,,,,,,,,,,,
1128,7/13/2024,,,,,,,,,,,
1129,7/20/2024,,,,,,,,,,,
1130,7/27/2024,,,,,,,,,,,
1131,8/3/2024,,,,,,,,,,,
1132,8/10/2024,,,,,,,,,,,
1133,8/17/2024,,,,,,,,,,,
1134,8/24/2024,,,,,,,,,,,
1135,8/31/2024,,,,,,,,,,,
1136,9/7/2024,,,,,,,,,,,
1137,9/14/2024,,,,,,,,,,,
1138,9/21/2024,,,,,,,,,,,
1139,9/28/2024,,,,,,,,,,,
1140,10/5/2024,,,,,,,,,,,
1141,10/12/2024,,,,,,,,,,,
1142,10/19/2024,,,,,,,,,,,
1143,10/26/2024,,,,,,,,,,,
1144,11/2/2024,,,,,,,,,,,
1145,11/9/2024,,,,,,,,,,,
1146,11/16/2024,,,,,,,,,,,
1147,11/23/2024,,,,,,,,,,,
1148,11/30/2024,,,,,,,,,,,
1149,12/7/2024,,,,,,,,,,,
1150,12/14/2024,,,,,,,,,,,
1151,12/21/2024,,,,,,,,,,,
1152,12/28/2024,,,,,,,,,,,
1153,1/4/2025,,,,,,,,,,,
1154,1/11/2025,,,,,,,,,,,
1155,1/18/2025,,,,,,,,,,,
1156,1/25/2025,,,,,,,,,,,
1157,2/1/2025,,,,,,,,,,,
1158,2/8/2025,,,,,,,,,,,
1159,2/15/2025,,,,,,,,,,,
1160,2/22/2025,,,,,,,,,,,
1161,3/1/2025,,,,,,,,,,,
1162,3/8/2025,,,,,,,,,,,
1163,3/15/2025,,,,,,,,,,,
1164,3/22/2025,,,,,,,,,,,
1165,3/29/2025,,,,,,,,,,,
1166,4/5/2025,,,,,,,,,,,
1167,4/12/2025,,,,,,,,,,,
1168,4/19/2025,,,,,,,,,,,
1169,4/26/2025,,,,,,,,,,,
1170,5/3/2025,,,,,,,,,,,
1171,5/10/2025,,,,,,,,,,,
1172,5/17/2025,,,,,,,,,,,
1173,5/24/2025,,,,,,,,,,,
1174,5/31/2025,,,,,,,,,,,
1175,6/7/2025,,,,,,,,,,,
1176,6/14/2025,,,,,,,,,,,
1177,6/21/2025,,,,,,,,,,,
1178,6/28/2025,,,,,,,,,,,
1179,7/5/2025,,,,,,,,,,,
1180,7/12/2025,,,,,,,,,,,
1181,7/19/2025,,,,,,,,,,,
1182,7/26/2025,,,,,,,,,,,
1183,8/2/2025,,,,,,,,,,,
1184,8/9/2025,,,,,,,,,,,
1185,8/16/2025,,,,,,,,,,,
1186,8/23/2025,,,,,,,,,,,
1187,8/30/2025,,,,,,,,,,,
1188,9/6/2025,,,,,,,,,,,
1189,9/13/2025,,,,,,,,,,,
1190,9/20/2025,,,,,,,,,,,
1191,9/27/2025,,,,,,,,,,,
1192,10/4/2025,,,,,,,,,,,
1193,10/11/2025,,,,,,,,,,,
1194,10/18/2025,,,,,,,,,,,
1195,10/25/2025,,,,,,,,,,,
1196,11/1/2025,,,,,,,,,,,
1197,11/8/2025,,,,,,,,,,,
1198,11/15/2025,,,,,,,,,,,
1199,11/22/2025,,,,,,,,,,,
1200,11/29/2025,,,,,,,,,,,
1201,12/6/2025,,,,,,,,,,,
1202,12/13/2025,,,,,,,,,,,
1203,12/20/2025,,,,,,,,,,,
1204,12/27/2025,,,,,,,,,,,
1205,1/3/2026,,,,,,,,,,,
1206,1/10/2026,,,,,,,,,,,
1207,1/17/2026,,,,,,,,,,,
1208,1/24/2026,,,,,,,,,,,
1209,1/31/2026,,,,,,,,,,,
1210,2/7/2026,,,,,,,,,,,
1211,2/14/2026,,,,,,,,,,,
1212,2/21/2026,,,,,,,,,,,
1213,2/28/2026,,,,,,,,,,,
1214,3/7/2026,,,,,,,,,,,
1215,3/14/2026,,,,,,,,,,,
1216,3/21/2026,,,,,,,,,,,
1217,3/28/2026,,,,,,,,,,,
1218,4/4/2026,,,,,,,,,,,
1219,4/11/2026,,,,,,,,,,,
1220,4/18/2026,,,,,,,,,,,
1221,4/25/2026,,,,,,,,,,,
1222,5/2/2026,,,,,,,,,,,
1223,5/9/2026,,,,,,,,,,,
1224,5/16/2026,,,,,,,,,,,
1225,5/23/2026,,,,,,,,,,,
1226,5/30/2026,,,,,,,,,,,
1227,6/6/2026,,,,,,,,,,,
1228,6/13/2026,,,,,,,,,,,
1229,6/20/2026,,,,,,,,,,,
1230,6/27/2026,,,,,,,,,,,
1231,7/4/2026,,,,,,,,,,,
1232,7/11/2026,,,,,,,,,,,
1233,7/18/2026,,,,,,,,,,,
1234,7/25/2026,,,,,,,,,,,
1235,8/1/2026,,,,,,,,,,,
1236,8/8/2026,,,,,,,,,,,
1237,8/15/2026,,,,,,,,,,,
1238,8/22/2026,,,,,,,,,,,
1239,8/29/2026,,,,,,,,,,,
1240,9/5/2026,,,,,,,,,,,
1241,9/12/2026,,,,,,,,,,,
1242,9/19/2026,,,,,,,,,,,
1243,9/26/2026,,,,,,,,,,,
1244,10/3/2026,,,,,,,,,,,
1245,10/10/2026,,,,,,,,,,,
1246,10/17/2026,,,,,,,,,,,
1247,10/24/2026,,,,,,,,,,,
1248,10/31/2026,,,,,,,,,,,
1249,11/7/2026,,,,,,,,,,,
1250,11/14/2026,,,,,,,,,,,
1251,11/21/2026,,,,,,,,,,,
1252,11/28/2026,,,,,,,,,,,
1253,12/5/2026,,,,,,,,,,,
1254,12/12/2026,,,,,,,,,,,
1255,12/19/2026,,,,,,,,,,,
1256,12/26/2026,,,,,,,,,,,
1257,1/2/2027,,,,,,,,,,,
1258,1/9/2027,,,,,,,,,,,
1259,1/16/2027,,,,,,,,,,,
1260,1/23/2027,,,,,,,,,,,
1261,1/30/2027,,,,,,,,,,,
1262,2/6/2027,,,,,,,,,,,
1263,2/13/2027,,,,,,,,,,,
1264,2/20/2027,,,,,,,,,,,
1265,2/27/2027,,,,,,,,,,,
1266,3/6/2027,,,,,,,,,,,
1267,3/13/2027,,,,,,,,,,,
1268,3/20/2027,,,,,,,,,,,
1269,3/27/2027,,,,,,,,,,,
1270,4/3/2027,,,,,,,,,,,
1271,4/10/2027,,,,,,,,,,,
1272,4/17/2027,,,,,,,,,,,
1273,4/24/2027,,,,,,,,,,,
1274,5/1/2027,,,,,,,,,,,
1275,5/8/2027,,,,,,,,,,,
1276,5/15/2027,,,,,,,,,,,
1277,5/22/2027,,,,,,,,,,,
1278,5/29/2027,,,,,,,,,,,
1279,6/5/2027,,,,,,,,,,,
1280,6/12/2027,,,,,,,,,,,
1281,6/19/2027,,,,,,,,,,,
1282,6/26/2027,,,,,,,,,,,
1283,7/3/2027,,,,,,,,,,,
1284,7/10/2027,,,,,,,,,,,
1285,7/17/2027,,,,,,,,,,,
1286,7/24/2027,,,,,,,,,,,
1287,7/31/2027,,,,,,,,,,,
1288,8/7/2027,,,,,,,,,,,
1289,8/14/2027,,,,,,,,,,,
1290,8/21/2027,,,,,,,,,,,
1291,8/28/2027,,,,,,,,,,,
1292,9/4/2027,,,,,,,,,,,
1293,9/11/2027,,,,,,,,,,,
1294,9/18/2027,,,,,,,,,,,
1295,9/25/2027,,,,,,,,,,,
1296,10/2/2027,,,,,,,,,,,
1297,10/9/2027,,,,,,,,,,,
1298,10/16/2027,,,,,,,,,,,
1299,10/23/2027,,,,,,,,,,,
1300,10/30/2027,,,,,,,,,,,
1301,11/6/2027,,,,,,,,,,,
1302,11/13/2027,,,,,,,,,,,
1303,11/20/2027,,,,,,,,,,,
1304,11/27/2027,,,,,,,,,,,
1305,12/4/2027,,,,,,,,,,,
1306,12/11/2027,,,,,,,,,,,
1307,12/18/2027,,,,,,,,,,,
1308,12/25/2027,,,,,,,,,,,
1309,1/1/2028,,,,,,,,,,,
1310,1/8/2028,,,,,,,,,,,
1311,1/15/2028,,,,,,,,,,,
1312,1/22/2028,,,,,,,,,,,
1313,1/29/2028,,,,,,,,,,,
1314,2/5/2028,,,,,,,,,,,
1315,2/12/2028,,,,,,,,,,,
1316,2/19/2028,,,,,,,,,,,
1317,2/26/2028,,,,,,,,,,,
1318,3/4/2028,,,,,,,,,,,
1319,3/11/2028,,,,,,,,,,,
1320,3/18/2028,,,,,,,,,,,
1321,3/25/2028,,,,,,,,,,,
1322,4/1/2028,,,,,,,,,,,
1323,4/8/2028,,,,,,,,,,,
1324,4/15/2028,,,,,,,,,,,
1325,4/22/2028,,,,,,,,,,,
1326,4/29/2028,,,,,,,,,,,
1327,5/6/2028,,,,,,,,,,,
1328,5/13/2028,,,,,,,,,,,
1329,5/20/2028,,,,,,,,,,,
1330,5/27/2028,,,,,,,,,,,
1331,6/3/2028,,,,,,,,,,,
1332,6/10/2028,,,,,,,,,,,
1333,6/17/2028,,,,,,,,,,,
1334,6/24/2028,,,,,,,,,,,
1335,7/1/2028,,,,,,,,,,,
1336,7/8/2028,,,,,,,,,,,
1337,7/15/2028,,,,,,,,,,,
1338,7/22/2028,,,,,,,,,,,
1339,7/29/2028,,,,,,,,,,,
1340,8/5/2028,,,,,,,,,,,
1341,8/12/2028,,,,,,,,,,,
1342,8/19/2028,,,,,,,,,,,
1343,8/26/2028,,,,,,,,,,,
1344,9/2/2028,,,,,,,,,,,
1345,9/9/2028,,,,,,,,,,,
1346,9/16/2028,,,,,,,,,,,
1347,9/23/2028,,,,,,,,,,,
1348,9/30/2028,,,,,,,,,,,
1349,10/7/2028,,,,,,,,,,,
1350,10/14/2028,,,,,,,,,,,
1351,10/21/2028,,,,,,,,,,,
1352,10/28/2028,,,,,,,,,,,
1353,11/4/2028,,,,,,,,,,,
1354,11/11/2028,,,,,,,,,,,
1355,11/18/2028,,,,,,,,,,,
1356,11/25/2028,,,,,,,,,,,
1357,12/2/2028,,,,,,,,,,,
1358,12/9/2028,,,,,,,,,,,
1359,12/16/2028,,,,,,,,,,,
1360,12/23/2028,,,,,,,,,,,
1361,12/30/2028,,,,,,,,,,,
1362,1/6/2029,,,,,,,,,,,
1363,1/13/2029,,,,,,,,,,,
1364,1/20/2029,,,,,,,,,,,
1365,1/27/2029,,,,,,,,,,,
1366,2/3/2029,,,,,,,,,,,
1367,2/10/2029,,,,,,,,,,,
1368,2/17/2029,,,,,,,,,,,
1369,2/24/2029,,,,,,,,,,,
1370,3/3/2029,,,,,,,,,,,
1371,3/10/2029,,,,,,,,,,,
1372,3/17/2029,,,,,,,,,,,
1373,3/24/2029,,,,,,,,,,,
1374,3/31/2029,,,,,,,,,,,
1375,4/7/2029,,,,,,,,,,,
1376,4/14/2029,,,,,,,,,,,
1377,4/21/2029,,,,,,,,,,,
1378,4/28/2029,,,,,,,,,,,
1379,5/5/2029,,,,,,,,,,,
1380,5/12/2029,,,,,,,,,,,
1381,5/19/2029,,,,,,,,,,,
1382,5/26/2029,,,,,,,,,,,
1383,6/2/2029,,,,,,,,,,,
1384,6/9/2029,,,,,,,,,,,
1385,6/16/2029,,,,,,,,,,,
1386,6/23/2029,,,,,,,,,,,
1387,6/30/2029,,,,,,,,,,,
1388,7/7/2029,,,,,,,,,,,
1389,7/14/2029,,,,,,,,,,,
1390,7/21/2029,,,,,,,,,,,
1391,7/28/2029,,,,,,,,,,,
1392,8/4/2029,,,,,,,,,,,
1393,8/11/2029,,,,,,,,,,,
1394,8/18/2029,,,,,,,,,,,
1395,8/25/2029,,,,,,,,,,,
1396,9/1/2029,,,,,,,,,,,
1397,9/8/2029,,,,,,,,,,,
1398,9/15/2029,,,,,,,,,,,
1399,9/22/2029,,,,,,,,,,,
1400,9/29/2029,,,,,,,,,,,
1401,10/6/2029,,,,,,,,,,,
1402,10/13/2029,,,,,,,,,,,
1403,10/20/2029,,,,,,,,,,,
1404,10/27/2029,,,,,,,,,,,
1405,11/3/2029,,,,,,,,,,,
1406,11/10/2029,,,,,,,,,,,
1407,11/17/2029,,,,,,,,,,,
1408,11/24/2029,,,,,,,,,,,
1409,12/1/2029,,,,,,,,,,,
1410,12/8/2029,,,,,,,,,,,
1411,12/15/2029,,,,,,,,,,,
1412,12/22/2029,,,,,,,,,,,
1413,12/29/2029,,,,,,,,,,,
1414,1/5/2030,,,,,,,,,,,
1415,1/12/2030,,,,,,,,,,,
1416,1/19/2030,,,,,,,,,,,
1417,1/26/2030,,,,,,,,,,,
1418,2/2/2030,,,,,,,,,,,
1419,2/9/2030,,,,,,,,,,,
1420,2/16/2030,,,,,,,,,,,
1421,2/23/2030,,,,,,,,,,,
1422,3/2/2030,,,,,,,,,,,
1423,3/9/2030,,,,,,,,,,,
1424,3/16/2030,,,,,,,,,,,
1425,3/23/2030,,,,,,,,,,,
1426,3/30/2030,,,,,,,,,,,
1427,4/6/2030,,,,,,,,,,,
1428,4/13/2030,,,,,,,,,,,
1429,4/20/2030,,,,,,,,,,,
1430,4/27/2030,,,,,,,,,,,
1431,5/4/2030,,,,,,,,,,,
1432,5/11/2030,,,,,,,,,,,
1433,5/18/2030,,,,,,,,,,,
1434,5/25/2030,,,,,,,,,,,
1435,6/1/2030,,,,,,,,,,,
1436,6/8/2030,,,,,,,,,,,
1437,6/15/2030,,,,,,,,,,,
1438,6/22/2030,,,,,,,,,,,
1439,6/29/2030,,,,,,,,,,,
1440,7/6/2030,,,,,,,,,,,
1441,7/13/2030,,,,,,,,,,,
1442,7/20/2030,,,,,,,,,,,
1443,7/27/2030,,,,,,,,,,,
1444,8/3/2030,,,,,,,,,,,
1445,8/10/2030,,,,,,,,,,,
1446,8/17/2030,,,,,,,,,,,
1447,8/24/2030,,,,,,,,,,,
1448,8/31/2030,,,,,,,,,,,
1449,9/7/2030,,,,,,,,,,,
1450,9/14/2030,,,,,,,,,,,
1451,9/21/2030,,,,,,,,,,,
1452,9/28/2030,,,,,,,,,,,
1453,10/5/2030,,,,,,,,,,,
1454,10/12/2030,,,,,,,,,,,
1455,10/19/2030,,,,,,,,,,,
1456,10/26/2030,,,,,,,,,,,
1457,11/2/2030,,,,,,,,,,,
1458,11/9/2030,,,,,,,,,,,
1459,11/16/2030,,,,,,,,,,,
1460,11/23/2030,,,,,,,,,,,
1461,11/30/2030,,,,,,,,,,,
1462,12/7/2030,,,,,,,,,,,
1463,12/14/2030,,,,,,,,,,,
1464,12/21/2030,,,,,,,,,,,
1465,12/28/2030,,,,,,,,,,,
1466,1/4/2031,,,,,,,,,,,
1467,1/11/2031,,,,,,,,,,,
1468,1/18/2031,,,,,,,,,,,
1469,1/25/2031,,,,,,,,,,,
1470,2/1/2031,,,,,,,,,,,
1471,2/8/2031,,,,,,,,,,,
1472,2/15/2031,,,,,,,,,,,
1473,2/22/2031,,,,,,,,,,,
1474,3/1/2031,,,,,,,,,,,
1475,3/8/2031,,,,,,,,,,,
1476,3/15/2031,,,,,,,,,,,
1477,3/22/2031,,,,,,,,,,,
1478,3/29/2031,,,,,,,,,,,
1479,4/5/2031,,,,,,,,,,,
1480,4/12/2031,,,,,,,,,,,
1481,4/19/2031,,,,,,,,,,,
1482,4/26/2031,,,,,,,,,,,
1483,5/3/2031,,,,,,,,,,,
1484,5/10/2031,,,,,,,,,,,
1485,5/17/2031,,,,,,,,,,,
1486,5/24/2031,,,,,,,,,,,
1487,5/31/2031,,,,,,,,,,,
1488,6/7/2031,,,,,,,,,,,
1489,6/14/2031,,,,,,,,,,,
1490,6/21/2031,,,,,,,,,,,
1491,6/28/2031,,,,,,,,,,,
1492,7/5/2031,,,,,,,,,,,
1493,7/12/2031,,,,,,,,,,,
1494,7/19/2031,,,,,,,,,,,
1495,7/26/2031,,,,,,,,,,,
1496,8/2/2031,,,,,,,,,,,
1497,8/9/2031,,,,,,,,,,,
1498,8/16/2031,,,,,,,,,,,
1499,8/23/2031,,,,,,,,,,,
1500,8/30/2031,,,,,,,,,,,